0;Z_default;W_default;f_default;Z_cwm;W_cwm;f_cwm
;-4.71327171850462;0.004354490329063567;0.0;-4.554868792588381;0.004250928725854598;0.0
;-4.511081393457405;0.004354490329063567;0.0;-4.364224218299501;0.004250928725854598;0.0
;-4.098558928216357;0.004354490329063567;0.0008804358150483159;-4.189900212088054;0.004250928725854598;0.0008104164972729183
;-4.050813306129551;0.004354490329063567;0.0026767609004619223;-4.177178097210666;0.004250928725854598;0.001551455422883213
;-4.005285452957703;0.004354490329063567;0.002884668750094043;-3.9254019184167817;0.004250928725854598;0.0016055362264691263
;-3.9826591722889884;0.004354490329063567;0.00308291934643388;-3.8167504788023385;0.008501857451709196;0.0026758188173899517
;-3.835665435395937;0.008708980658127134;0.003181445266788476;-3.798964699761218;0.004250928725854598;0.0033686231060336904
;-3.7496930955525207;0.008708980658127134;0.004141569475389035;-3.7780719706546892;0.004250928725854598;0.0034820322245900925
;-3.7250046256381646;0.008708980658127134;0.004890300920219281;-3.6729214659613683;0.008501857451709196;0.0035708457269105344
;-3.646781232256169;0.004354490329063567;0.005105312327182162;-3.6263824411816654;0.008501857451709196;0.004241326678318955
;-3.556252447016555;0.004354490329063567;0.005616246842164816;-3.59468947998232;0.008501857451709196;0.004636994832937551
;-3.536232613812357;0.0130634709871907;0.006010453561992587;-3.566389780818134;0.008501857451709196;0.004906443871276937
;-3.5122141358434136;0.004354490329063567;0.00618480590214688;-3.5429208019790237;0.004250928725854598;0.005147043879497097
;-3.484260526126549;0.004354490329063567;0.00639398236221606;-3.520133113625368;0.012752786177563794;0.00529669131396757
;-3.458425797975315;0.004354490329063567;0.006515706085390565;-3.484616627186531;0.008501857451709196;0.005490428992004323
;-3.4173130759183095;0.004354490329063567;0.0066282031592790995;-3.456354561338351;0.008501857451709196;0.005867874123115018
;-3.405952069859017;0.008708980658127134;0.006807228109877808;-3.445481798923411;0.008501857451709196;0.006108154178247063
;-3.3795691219675117;0.004354490329063567;0.006881435196398241;-3.428265354614815;0.012752786177563794;0.006200592854405185
;-3.3461786204501553;0.0130634709871907;0.007053761633566863;-3.4149509325886553;0.004250928725854598;0.006383557548576402
;-3.3182224033554824;0.01741796131625427;0.007344558865446683;-3.381484206519041;0.004250928725854598;0.006496754866694708
;-3.2927519224404054;0.004354490329063567;0.007770631634862526;-3.36808630959193;0.012752786177563794;0.006639019533904339
;-3.2716253003543025;0.008708980658127134;0.008047909041915779;-3.34483256093974;0.008501857451709196;0.00675292654373133
;-3.2476123318783725;0.008708980658127134;0.008185902549255351;-3.306346854144458;0.008501857451709196;0.007000051614054823
;-3.2240416188496206;0.0130634709871907;0.008395031027256443;-3.276366890789173;0.008501857451709196;0.007327251607156586
;-3.209122981806724;0.004354490329063567;0.008651627132088524;-3.263920918676839;0.004250928725854598;0.0075821369820106834
;-3.1863025075705425;0.021772451645317832;0.00878155325354073;-3.231495056356821;0.008501857451709196;0.007661497392570941
;-3.1680951571050215;0.008708980658127134;0.009079667856639021;-3.206957600984124;0.004250928725854598;0.007868257436966097
;-3.1486079702419736;0.021772451645317832;0.009357160916958958;-3.1842102281688005;0.021254643629272988;0.008024717897820858
;-3.115207779327536;0.008708980658127134;0.009654159600534246;-3.163810217114284;0.004250928725854598;0.008314810279436004
;-3.0931481875046107;0.0130634709871907;0.010163202429674528;-3.1382979946698417;0.004250928725854598;0.00857496725843419
;-3.079181450221704;0.008708980658127134;0.010403348127814573;-3.118692511020137;0.008501857451709196;0.008683417897683662
;-3.0570064752448;0.008708980658127134;0.010555393183882045;-3.10818544871735;0.004250928725854598;0.008808430168129865
;-3.041766984201161;0.021772451645317832;0.010748514612050357;-3.095578226632524;0.012752786177563794;0.008875427327580758
;-3.012006608480745;0.004354490329063567;0.010980775369343176;-3.0832393677879426;0.004250928725854598;0.00898261213260799
;-3.000394628954055;0.004354490329063567;0.011369549174134727;-3.036504682088224;0.008501857451709196;0.009087515351621382
;-2.9902422352051587;0.0261269419743814;0.011420113426684982;-3.0163695493170875;0.012752786177563794;0.009385514078523463
;-2.9710863069359377;0.01741796131625427;0.011574843178072431;-2.995043851243679;0.008501857451709196;0.009599496614262763
;-2.940925523617429;0.004354490329063567;0.011991914700035225;-2.984470920727102;0.008501857451709196;0.009826131670610647
;-2.9306828095554094;0.0130634709871907;0.012320251798228793;-2.962046672254705;0.034007429806836784;0.00991602121870941
;-2.918202013124852;0.004354490329063567;0.012409455396881649;-2.9409693350082016;0.008501857451709196;0.010392640628644475
;-2.904532697790091;0.01741796131625427;0.012518150411593397;-2.929031531578756;0.012752786177563794;0.010840631920472911
;-2.875830846173443;0.03483592263250854;0.012666957665168737;-2.903022852962338;0.012752786177563794;0.010967498799277504
;-2.8426709597981383;0.03483592263250854;0.013416849276914208;-2.8882638857135627;0.029756501080982184;0.011299181916433655
;-2.823464165282531;0.047899393619699235;0.014572004513187095;-2.877048636478041;0.004250928725854598;0.011612878505642486
;-2.8056616956389546;0.004354490329063567;0.015366544622407058;-2.8634443772648375;0.017003714903418392;0.011803579406214076
;-2.7909639046528802;0.01741796131625427;0.01583166871378547;-2.843065057544649;0.008501857451709196;0.011948156246922526
;-2.7710897756578827;0.043544903290635664;0.015991672185554116;-2.822225244456075;0.021254643629272988;0.012208049353758296
;-2.7510930035796397;0.01741796131625427;0.016597464103105065;-2.801514036640001;0.021254643629272988;0.012518109314107111
;-2.734946990368775;0.0130634709871907;0.01720699435749545;-2.7866297279117536;0.012752786177563794;0.012958318655369578
;-2.71977830146784;0.0261269419743814;0.017453071161824204;-2.7643373337400456;0.017003714903418392;0.013211407197519155
;-2.706112488410646;0.004354490329063567;0.017750304752880832;-2.7465808002710763;0.029756501080982184;0.013543079023153208
;-2.6927686637985935;0.021772451645317832;0.01795858153066802;-2.7286195543819973;0.012752786177563794;0.013958228693224831
;-2.6806135549561962;0.021772451645317832;0.018132898196345736;-2.718587579175058;0.004250928725854598;0.01433998857373495
;-2.6667905772088853;0.0522538839487628;0.018397544715860404;-2.708579897910617;0.025505572355127588;0.01442527899690343
;-2.6501533471669605;0.008708980658127134;0.018909176910676378;-2.6959899558143268;0.021254643629272988;0.014574175786085164
;-2.6363597326668375;0.047899393619699235;0.019416303511916155;-2.680184108420461;0.017003714903418392;0.014868529991911973
;-2.61867758921302;0.043544903290635664;0.019806720558049662;-2.6568342766224204;0.034007429806836784;0.01517088288016573
;-2.6011868897284427;0.0261269419743814;0.020615186146050662;-2.6390481143496833;0.034007429806836784;0.015766433704570718
;-2.5765139373734827;0.004354490329063567;0.021224490800083855;-2.6219388070959906;0.017003714903418392;0.016371295369593832
;-2.5643732764336793;0.01741796131625427;0.021600524263550774;-2.6044801883676185;0.03825835853269138;0.016807678043699002
;-2.5510295026569847;0.047899393619699235;0.021732690240177807;-2.592933736401041;0.004250928725854598;0.017290077778829172
;-2.528090023931291;0.030481432303444966;0.022168480244156522;-2.576416588468984;0.03825835853269138;0.017535493500561296
;-2.513789596481486;0.021772451645317832;0.02306748788853966;-2.5606073030908063;0.025505572355127588;0.017886559593629153
;-2.5034890400919436;0.043544903290635664;0.023441114326729563;-2.5443983399242036;0.046760215984400576;0.01839059068374911
;-2.491932671421284;0.004354490329063567;0.023777516875596337;-2.529906205981558;0.017003714903418392;0.01897626743444957
;-2.48158323335436;0.0391904129615721;0.024054288401481477;-2.511310480649283;0.046760215984400576;0.019438305148017507
;-2.4648435690924058;0.05660837427782637;0.0242796210413498;-2.4912942436956884;0.046760215984400576;0.02003117342046553
;-2.441900395210767;0.043544903290635664;0.025081440808894753;-2.480063945872413;0.055262073436109775;0.02096713698361055
;-2.4318321877475055;0.004354490329063567;0.026230357839929372;-2.4649120246902134;0.029756501080982184;0.021540007331012908
;-2.421279861017641;0.021772451645317832;0.026471488356093156;-2.4544021747813796;0.03825835853269138;0.022184104701065886
;-2.4064593398590497;0.03483592263250854;0.026609338370176098;-2.4438173762921056;0.029756501080982184;0.022541517684120944
;-2.383857450187644;0.07402633559408063;0.027028821174545085;-2.4321956074660505;0.012752786177563794;0.02290147947576444
;-2.3669455610997874;0.030481432303444966;0.02825906754945381;-2.417705048142931;0.004250928725854598;0.023148496030504038
;-2.3544823776755917;0.06096286460688993;0.029142779439205017;-2.4021011069374336;0.051011144710255175;0.02327169270026473
;-2.334812007082132;0.0522538839487628;0.029712622961950076;-2.3915064401815767;0.017003714903418392;0.023702845772660207
;-2.3244196697591417;0.0130634709871907;0.030826130662688182;-2.378349405087935;0.051011144710255175;0.02406314315868684
;-2.3116926807097204;0.07402633559408063;0.031165530655458143;-2.357176403919871;0.055262073436109775;0.024510580106099952
;-2.292672723894624;0.06096286460688993;0.03171972616279617;-2.346886798750138;0.012752786177563794;0.025635641592073405
;-2.2810776010861638;0.0130634709871907;0.033003470541959616;-2.3344540576124024;0.06801485961367357;0.025985564617623157
;-2.269657400632608;0.030481432303444966;0.03343264276809644;-2.3205613212258953;0.004250928725854598;0.026487646233836544
;-2.2572227737278383;0.01741796131625427;0.03368128853025132;-2.3104600095491357;0.05951300216196437;0.02698963100741864
;-2.246232762353127;0.06096286460688993;0.03397909407456415;-2.2998477008358487;0.008501857451709196;0.027311680677235245
;-2.2358487413990535;0.004354490329063567;0.034409797158791465;-2.2870664562673624;0.05951300216196437;0.027672578020890837
;-2.225463083223167;0.08273531625220777;0.03474892554995125;-2.272593789745299;0.029756501080982184;0.028107235298397648
;-2.213911580462674;0.0130634709871907;0.03520116803082984;-2.2606829072756787;0.034007429806836784;0.02875321917391036
;-2.2034763649800984;0.0783808259231442;0.03575447800845373;-2.250352321444033;0.008501857451709196;0.029132961517213264
;-2.18575849234829;0.0391904129615721;0.03623159847990971;-2.2352291337198515;0.055262073436109775;0.02935253443754651
;-2.1716373605199717;0.05660837427782637;0.03727315459777137;-2.212796761272634;0.042509287258545976;0.02983469138597062
;-2.1569398398743935;0.10886225822658917;0.037949548249571655;-2.1969331171738378;0.03825835853269138;0.03093131317485751
;-2.143369352907563;0.030481432303444966;0.039165552268306925;-2.181796743537275;0.017003714903418392;0.03157194776862241
;-2.1319860347228654;0.0261269419743814;0.04011103313643087;-2.16668811685508;0.08076764579123735;0.03199018146435247
;-2.1214897139664446;0.05660837427782637;0.040433228704592344;-2.154419164334231;0.021254643629272988;0.032728776958825374
;-2.109282635183894;0.0261269419743814;0.04086743691322589;-2.1413453287818007;0.09777136069465575;0.03335463027130965
;-2.093043722693424;0.0261269419743814;0.04137241517502087;-2.130449770116641;0.004250928725854598;0.0341326934748066
;-2.080163853639861;0.05660837427782637;0.04179668829938643;-2.1202749632168287;0.042509287258545976;0.034688488394574134
;-2.0630881750314534;0.1175712388847163;0.04232949831910322;-2.108253720835281;0.08926950324294655;0.034926376478691526
;-2.0481460516209986;0.06967184526501707;0.043816615866353374;-2.0888849383395995;0.11052414687221955;0.035718448869374336
;-2.0345409816660607;0.0261269419743814;0.0452155205019131;-2.0781118626791195;0.004250928725854598;0.03765332874592383
;-2.023897294376108;0.05660837427782637;0.045867195102908216;-2.0676803157889525;0.046760215984400576;0.03827156903260151
;-2.013091918548117;0.0783808259231442;0.04630749951992013;-2.0568099466115273;0.08926950324294655;0.03853763160658458
;-1.995702502601025;0.0391904129615721;0.04703680404036586;-2.0465416261471097;0.03825835853269138;0.03927697824013596
;-1.9849966366212148;0.0522538839487628;0.04805905162855646;-2.0294640695330104;0.03825835853269138;0.03993172671656306
;-1.9749358663567609;0.10886225822658917;0.04854854682222648;-2.018397709800485;0.11477507559807414;0.04058508600036761
;-1.9570496381147484;0.07402633559408063;0.04935902306838714;-2.0026545087138636;0.046760215984400576;0.04143184751696501
;-1.9426677975782982;0.14805267118816126;0.05099461663435574;-1.9869867780370924;0.08501857451709195;0.042703388805949455
;-1.9238165208513989;0.0653173549359535;0.05259156906537347;-1.9724136926224527;0.08076764579123735;0.04373572610519347
;-1.9072346612918842;0.11321674855565274;0.05460271776921918;-1.9623257864693222;0.004250928725854598;0.04494373447975525
;-1.8882532526530678;0.12628021954284344;0.05608293148456002;-1.951549760075739;0.09777136069465575;0.04537256418025593
;-1.8751561204685905;0.0261269419743814;0.058355926394177596;-1.9343037858016439;0.08076764579123735;0.04592226162202053
;-1.8627827253197748;0.1567616518462884;0.059353974764303624;-1.915857322319637;0.11052414687221955;0.04746180117840964
;-1.8477088229579481;0.0653173549359535;0.060485451184080816;-1.9025347587346684;0.07651671706538277;0.04922612971229669
;-1.8273579402958506;0.0783808259231442;0.0621592498165043;-1.8916860413800145;0.03825835853269138;0.05047206161369477
;-1.8152602770384825;0.17417961316254266;0.06362144222521449;-1.8745787965199092;0.11902600432392874;0.05109464279095604
;-1.8039080119564324;0.008708980658127134;0.06514913779731032;-1.8634006553949514;0.021254643629272988;0.05243999384498296
;-1.793636047912209;0.09579878723939847;0.06618723769607815;-1.8508418034325522;0.09352043196880115;0.05322403228494367
;-1.7741459223731373;0.1436981808590977;0.06672398771317084;-1.8403521332309911;0.029756501080982184;0.05394475387664836
;-1.7625245509221321;0.01741796131625427;0.06905790070040423;-1.8267315679209346;0.08076764579123735;0.05459132106222444
;-1.7524906583481394;0.12192572921377987;0.0699940959678906;-1.812619346133756;0.10202228942051035;0.05534402174263011
;-1.7386079378975847;0.08708980658127133;0.07069317577871162;-1.7996450728446642;0.055262073436109775;0.0566338077957162
;-1.7194385417342082;0.14805267118816126;0.07214402790534441;-1.788804636116153;0.14028064795320172;0.05765413294961744
;-1.7086036321712745;0.0261269419743814;0.07439779756094451;-1.7687425842670148;0.08076764579123735;0.058714017199088316
;-1.695672568893083;0.19159757447879694;0.07534140773910598;-1.753228284150397;0.11902600432392874;0.060931358364220534
;-1.6842013783807992;0.08273531625220777;0.07674911248884084;-1.7351187191297022;0.07226578833952817;0.06248118768886115
;-1.6664437290077772;0.08708980658127133;0.07832257491552129;-1.7164063933525282;0.13602971922734713;0.06421329326744321
;-1.6542310940784124;0.19159757447879694;0.07983042240852495;-1.7037993241384999;0.03825835853269138;0.0661621399651998
;-1.6427599802527812;0.09579878723939847;0.08153217603067864;-1.6903196804642058;0.1785390064858931;0.06726077089495018
;-1.6297607661639721;0.09579878723939847;0.08318055421984948;-1.6755212843128648;0.11902600432392874;0.06872194650993838
;-1.611382986701953;0.1567616518462884;0.0844258631646227;-1.6639371840055135;0.008501857451709196;0.07092368896530926
;-1.601112218475212;0.008708980658127134;0.08674661318979644;-1.6529890573158352;0.1870408639376023;0.07166233673670477
;-1.5904809388668708;0.13934369053003415;0.08759636844718897;-1.6422975634263788;0.008501857451709196;0.07273274998021212
;-1.5787377451495987;0.043544903290635664;0.08838336311927056;-1.6316133980693497;0.15303343413076553;0.07377807188564285
;-1.5673217111566666;0.20030655513692408;0.08945721121222835;-1.618190173068005;0.14878250540491092;0.07464100676877439
;-1.5525320737994848;0.08273531625220777;0.09084911948154589;-1.607149918522047;0.08501857451709195;0.0766666784014642
;-1.5403339975344277;0.1567616518462884;0.09294216279891758;-1.5933570221987716;0.11477507559807414;0.07795729011919358
;-1.529253912488308;0.0391904129615721;0.09440286393997528;-1.579256919536125;0.07226578833952817;0.07933515667023722
;-1.5153816490279857;0.17853410349160623;0.0954884467114922;-1.5630273631166183;0.16578622030832932;0.08065380436205238
;-1.4966450052822087;0.24385145842755973;0.0969986126384971;-1.5493310602700334;0.15728436285662012;0.08258554361461602
;-1.4832614725289206;0.05660837427782637;0.10095565653701671;-1.532185151887369;0.1785390064858931;0.08479797988854099
;-1.4722692396075647;0.2090155357950512;0.1029662635430467;-1.5176276150529389;0.2167973650185845;0.08767697825029318
;-1.461310451919147;0.0914442969103349;0.10442616348754788;-1.5074348103532582;0.004250928725854598;0.09055454014537638
;-1.4420108735225967;0.2569149294147504;0.10607250124530579;-1.4968549578313415;0.12327693304978334;0.09168109118904373
;-1.4265117784218297;0.13498920020097058;0.1094340943446171;-1.4846737003986477;0.1912917926634569;0.09235570417405455
;-1.414655442304107;0.12192572921377987;0.11247117403226578;-1.4735135123573444;0.034007429806836784;0.09427162548814826
;-1.4035797931169105;0.01741796131625427;0.11399420891066694;-1.4622520149738933;0.17428807776003852;0.09552881633231221
;-1.3928538420763887;0.18724308414973337;0.11476586982704691;-1.45078044071999;0.004250928725854598;0.0967016759890367
;-1.37811531772545;0.2482059487566233;0.11586346200383199;-1.4406600966488063;0.2167973650185845;0.09772573772409723
;-1.3654813371725703;0.05660837427782637;0.11907240009137354;-1.424007791119256;0.046760215984400576;0.09884428011861814
;-1.3532566993669066;0.2351424777694326;0.12099790920610176;-1.4134744047123047;0.2252992224702937;0.1010387008003636
;-1.3382118644055738;0.1959520648078605;0.1227811834539875;-1.3936018695525256;0.22955015119614827;0.10247155439581433
;-1.320904032820913;0.16547063250441554;0.1260240565768908;-1.3823676641493565;0.012752786177563794;0.10699105948110926
;-1.305705945944366;0.19159757447879694;0.1291517781648682;-1.3723584944845157;0.24655386609956667;0.10835209996523301
;-1.2915629762770382;0.2569149294147504;0.13186515498016002;-1.356335740220468;0.14453157667905633;0.10964982210416485
;-1.2762319291797364;0.10015327756846204;0.13503680434915188;-1.3416259605289913;0.24655386609956667;0.11278295507710892
;-1.264534462337049;0.1436981808590977;0.1377739190982563;-1.32759849635853;0.07226578833952817;0.11565934542901751
;-1.2544186229335053;0.2786873810600683;0.13920014127300498;-1.3156385939525979;0.1785390064858931;0.11789546106875916
;-1.239246811418443;0.21337002612411476;0.14133653352837988;-1.3041666285324995;0.26355758100298504;0.11939526150328507
;-1.2271098823146571;0.01741796131625427;0.1450692346465742;-1.2878049719435745;0.14028064795320172;0.12193111988529302
;-1.2170581550975892;0.21772451645317834;0.1464697633673588;-1.27757988813652;0.30606686826153107;0.12523485109512342
;-1.1984897204073246;0.3309412650088311;0.14765155738920072;-1.267520895317298;0.008501857451709196;0.12751682147530657
;-1.180876990264578;0.2873963617181954;0.15274548975413085;-1.2548193241484633;0.27205943845469427;0.1290989437518572
;-1.1678054948500864;0.043544903290635664;0.1581907966324556;-1.238927319480138;0.1870408639376023;0.13088072838544504
;-1.1574503160540146;0.2351424777694326;0.1603537452464701;-1.2198482702896023;0.29331408208396725;0.13452874045986904
;-1.1405615793889607;0.2569149294147504;0.1617966740760131;-1.206971755027778;0.14028064795320172;0.13911109828190035
;-1.1277278891809455;0.20030655513692408;0.16595178806302452;-1.1909486298880843;0.22955015119614827;0.14190269286128543
;-1.1132273473138439;0.2873963617181954;0.16888570750761706;-1.1739630877858458;0.22955015119614827;0.14486561544892693
;-1.098609811882291;0.20030655513692408;0.17242168578989966;-1.1626799248378625;0.03825835853269138;0.1487646492066443
;-1.0850577593190607;0.16982512283347911;0.1759861931235004;-1.1518152353957078;0.26355758100298504;0.15027551273370784
;-1.065939722029008;0.2569149294147504;0.17849421510108615;-1.1375310878130767;0.14028064795320172;0.1519150809595815
;-1.048682171387501;0.35706820698321245;0.18257343121710645;-1.1238118454897332;0.26355758100298504;0.15479932339054078
;-1.0368398714161187;0.0522538839487628;0.18787135375181604;-1.1121655222915745;0.1955427213893115;0.15756950065178066
;-1.0260414623347518;0.3135233036925768;0.190295011244681;-1.1003753705596524;0.042509287258545976;0.16024291590279718
;-1.014588487541129;0.1959520648078605;0.19226991709707253;-1.0897863105800554;0.3570780129717862;0.16164625055382076
;-1.0030930489119578;0.06096286460688993;0.19518742137377612;-1.0746640130199194;0.13177879050149252;0.16376187749843288
;-0.9889561933921329;0.33965024566695823;0.1966640962757787;-1.0603937278539097;0.18278993521174772;0.1674581965216428
;-0.9735857913923424;0.1045077678975256;0.1994958011054232;-1.0475584007210235;0.33157244061665864;0.1697026892317609
;-0.9625182663360844;0.3135233036925768;0.2029092447153805;-1.031836877266545;0.14453157667905633;0.17300369391106402
;-0.9482796363363096;0.2351424777694326;0.20522252939493937;-1.0196744985482922;0.22955015119614827;0.17674623414840704
;-0.9286976661563006;0.3701316779704032;0.20912865392282678;-1.0071280079322973;0.28906315335811267;0.17902109597140528
;-0.9166138462773098;0.0653173549359535;0.21505488415704063;-0.9965900503362828;0.012752786177563794;0.18227448445086536
;-0.9052703498093089;0.30916881336351326;0.21768582799710118;-0.9865331558031547;0.34432522679422245;0.18386474623717947
;-0.8853669423669616;0.2090155357950512;0.21980981926081128;-0.9718892725670065;0.08076764579123735;0.18566029419545757
;-0.8704215886629992;0.3483592263250853;0.2249666363765865;-0.9612947824711708;0.36983079914935;0.1887727993907877
;-0.8550985409146983;0.291750852047259;0.22913171785936015;-0.9499579308777997;0.2082955075668753;0.19115972977184872
;-0.8422399174892237;0.26562391007287756;0.23403593650689422;-0.9331261761892099;0.25505572355127587;0.19443679584258156
;-0.8286206928783453;0.08273531625220777;0.23761947259337737;-0.9223991782873949;0.029756501080982184;0.19833630297099994
;-0.817896427211473;0.3483592263250853;0.23999166386767398;-0.9110115729253354;0.2040445788410207;0.19986389303902066
;-0.8078204683777664;0.16982512283347911;0.24230325006874281;-0.896282046029542;0.28056129590640344;0.20119511025470824
;-0.7904621019675799;0.3004598327053861;0.24491385215393918;-0.8780462199116292;0.3953363715044776;0.20476411788768406
;-0.7801130792559089;0.21337002612411476;0.24899554144166014;-0.8677353426726108;0.008501857451709196;0.21092689405588788
;-0.7681605052210073;0.06967184526501707;0.25165435988114077;-0.8571774990565403;0.4165910151337506;0.21300885725748284
;-0.7562176394728244;0.39625861994478456;0.2533458993425186;-0.8373815905157275;0.3018159395356764;0.21525288929301456
;-0.7359590938296054;0.42674005224822953;0.2561281718395132;-0.8191674290859056;0.43784565876302356;0.22236364847787446
;-0.7231556864551308;0.23078798744036905;0.26446454992197854;-0.8082698155101754;0.051011144710255175;0.22909980635530075
;-0.7065669800668681;0.2961053423763225;0.2686738495981149;-0.796992713914863;0.2210482937444391;0.23176349262436
;-0.6915509145549562;0.3657771876413396;0.2730440889712465;-0.7863586498313436;0.4080891576820414;0.2332975135880686
;-0.6801539635957969;0.130634709871907;0.27801352468721413;-0.7672587180724276;0.36557987042349543;0.23664265757597427
;-0.6649936107675407;0.39625861994478456;0.280842315712965;-0.7569094400941928;0.025505572355127588;0.2440311703963756
;-0.650661506903497;0.2743328907310047;0.28483626010440294;-0.7462768201526103;0.391085442778623;0.2460548963766541
;-0.6331292373979379;0.30481432303444966;0.2896417536950786;-0.7280820578442723;0.34857615552007704;0.2482696233441517
;-0.6143322450577402;0.3701316779704032;0.29471863621264344;-0.7143056759087414;0.2040445788410207;0.2549986068289768
;-0.5971560955427658;0.46593046520980164;0.3010621136181111;-0.698307660782944;0.25505572355127587;0.25880516398000286
;-0.586836679309861;0.043544903290635664;0.30824227780564756;-0.6848579511424627;0.4505984449405874;0.26247751077096787
;-0.5749948840437981;0.40932209093197525;0.3108710219996319;-0.665550988769864;0.4420965874888782;0.2672229326073733
;-0.5622288194559988;0.09579878723939847;0.31355240111380256;-0.6544347160447702;0.051011144710255175;0.2758405473080341
;-0.5520996296258257;0.46593046520980164;0.3167766039914934;-0.6413857142871916;0.34857615552007704;0.2785813073250231
;-0.5357928783728395;0.3135233036925768;0.319621535107103;-0.6287990517031884;0.27631036718054885;0.2811884150165289
;-0.5247239148798254;0.07402633559408063;0.32597671446844984;-0.610833044397818;0.4420965874888782;0.2851210329237909
;-0.5124013000876682;0.41367658126103884;0.3281216008729473;-0.5961660072112752;0.09777136069465575;0.2915744852217008
;-0.4987157457100377;0.3265867746797675;0.3311264884616558;-0.5851342274009904;0.48460587474742417;0.29553361685761603
;-0.48795432584226167;0.1828885938206698;0.33619194566740335;-0.575113296765293;0.008501857451709196;0.29874594557157563
;-0.4691643139422469;0.31787779402164035;0.3389332848437649;-0.5650288633813326;0.4293438013113144;0.3012166447617225
;-0.45764157643003306;0.3831951489575939;0.34363798803710716;-0.5453328875320081;0.4038382289561868;0.30342435745084845
;-0.4425249730172286;0.37448616829946674;0.3476771277865396;-0.531862689315899;0.3230705831649494;0.3116295240239684
;-0.42341481590266766;0.2873963617181954;0.35340391177967273;-0.51964082036924;0.2678085097288397;0.31652532691612245
;-0.41123352535446656;0.42674005224822953;0.359728251349683;-0.4993679014548878;0.4505984449405874;0.3201361503344568
;-0.39428241015318577;0.422385561919166;0.36407780292447073;-0.4887930781611678;0.021254643629272988;0.3274182533042168
;-0.38188925063277523;0.26997840040194115;0.37127461597752565;-0.4783600700685849;0.4165910151337506;0.32991313482032797
;-0.36345753285415033;0.4833484265260559;0.3755649044931401;-0.4671642197249743;0.22955015119614827;0.33219715847091635
;-0.3465568888897743;0.42674005224822953;0.3825074582276421;-0.45369160921810403;0.13177879050149252;0.3358142083704541
;-0.33457184347615865;0.13934369053003415;0.39019799890556445;-0.4405105289349974;0.47185308856986036;0.3382482304186301
;-0.3215616416704367;0.21337002612411476;0.39359026858811796;-0.42981005074647743;0.1785390064858931;0.3422264905483712
;-0.31026240807476396;0.46593046520980164;0.3958847069047763;-0.419282739536102;0.025505572355127588;0.34570624376193615
;-0.29229486018435885;0.21772451645317834;0.3997224943713949;-0.40838672441648244;0.5143623758284064;0.34678026415306085
;-0.281065608151194;0.3788406586285303;0.4058642961831667;-0.3961961955029677;0.06376393088781897;0.34972146881606375
;-0.26805097748938417;0.3135233036925768;0.4092137865357675;-0.3843801823177951;0.24230293737371209;0.3532453015449076
;-0.24813135060144573;0.39625861994478456;0.4137192171623458;-0.37097077086321945;0.4080891576820414;0.35505354662036887
;-0.23415647528024736;0.33529575533789463;0.4207885127076755;-0.3525912881760625;0.4293438013113144;0.35941423422507185
;-0.22382666001957274;0.20030655513692408;0.42590020330030176;-0.3414161077291142;0.27631036718054885;0.3671100265108084
;-0.20427386078982465;0.3265867746797675;0.42866653976049945;-0.32920500517806217;0.27205943845469427;0.3710529328438273
;-0.1912328963131832;0.2786873810600683;0.4338176595071991;-0.3187011126062703;0.004250928725854598;0.3744010328100835
;-0.1790019152383126;0.4746394458679288;0.4377643388890153;-0.30856989138240376;0.1955427213893115;0.37585220001675196
;-0.16748395550332398;0.10015327756846204;0.4423713019706896;-0.29715310548718027;0.32732151189080405;0.37686427685097224
;-0.15208499070219583;0.5486657814620094;0.445681521692942;-0.2846265514987999;0.3570780129717862;0.3798489913527869
;-0.140609865363017;0.2569149294147504;0.4506770926190976;-0.2735688509179613;0.2848122246322581;0.38413557515169344
;-0.13023703536372835;0.0130634709871907;0.4552991624331654;-0.2627215484869434;0.025505572355127588;0.3876844901782879
;-0.11965922967190379;0.422385561919166;0.4566993824585901;-0.25253015051282984;0.4463475162147328;0.38936754567511256
;-0.10465906713466662;0.31787779402164035;0.45900243008797825;-0.23278353818358619;0.5016095896508426;0.3917719669805776
;-0.09273210902226343;0.4702849555388652;0.46455446541771467;-0.2137474411929284;0.4420965874888782;0.40113143771771725
;-0.08137602332039681;0.16111614217535197;0.469254657467597;-0.19958061448622957;0.31031779698738565;0.4101136788770745
;-0.066628853187672;0.35706820698321245;0.47283977995654464;-0.18889304949554886;0.1700371490341839;0.4154433409753258
;-0.056152234585448754;0.2569149294147504;0.47666065633512295;-0.17342438487645356;0.5228642332801156;0.41801025332742603
;-0.04610803836587757;0.6052741557398358;0.47987688990924204;-0.1625090114496746;0.07226578833952817;0.42336938287598985
;-0.03060447898705864;0.3701316779704032;0.4842068880840746;-0.1492785040418766;0.3953363715044776;0.4266174160877226
;-0.014498288192769037;0.25256043908568687;0.49176801921476115;-0.13759555421480116;0.17428807776003852;0.42971072300758184
;-0.003451575039531185;0.48770291685511946;0.49678261823646386;-0.1225044797417352;0.3018159395356764;0.4330381699380982
;0.007145216950268529;0.10886225822658917;0.5008713567119295;-0.107315898479392;0.4463475162147328;0.4366306305290659
;0.02154883773803096;0.391904129615721;0.5040321952462792;-0.0935311226578703;0.12327693304978334;0.4423124012516563
;0.0374455512204126;0.5007663878423102;0.5076386198231484;-0.08251685414594745;0.48460587474742417;0.4462384739194408
;0.05088485027698464;0.3265867746797675;0.5147338835482482;-0.07179337261009601;0.14028064795320172;0.44958616615387076
;0.06236654911112123;0.12192572921377987;0.5202934068365156;-0.0558900066342365;0.3953363715044776;0.45293664569796216
;0.07683691364792188;0.4746394458679288;0.5228682495830407;-0.03761650399737213;0.5101114471025517;0.4571957024396294
;0.09244019770916707;0.3831951489575939;0.5271845073597371;-0.020816260523977035;0.2125464362927299;0.46546855399005865
;0.10321769674950486;0.030481432303444966;0.5338770257900499;-0.007343980921174163;0.49310773219913334;0.4715389681845632
;0.11425506852422546;0.2743328907310047;0.5361062252688255;0.007079376160558569;0.1997936501151661;0.47629235331496605
;0.12522311593337784;0.5791472137654544;0.537788399771621;0.019411154006883532;0.5526207343610977;0.4812893353447388
;0.13878997925270223;0.16547063250441554;0.5424689048960638;0.038853897179632314;0.5186133045542609;0.48592863886360904
;0.15213852067651573;0.33529575533789463;0.5475199691688002;0.051105446001589276;0.3528270842459316;0.49634250301187793
;0.1661176269395066;0.5312478201457551;0.5508622196046835;0.06249912090667934;0.14453157667905633;0.5016807502462834
;0.17984066854429823;0.3788406586285303;0.5569189719662825;0.07639793511466589;0.5101114471025517;0.5045141216931884
;0.1921034586133416;0.08708980658127133;0.563163562995413;0.09075886339103988;0.3400742980683678;0.5090635025732361
;0.20298279484512632;0.49205740718418306;0.5660203667362328;0.1022374204796364;0.042509287258545976;0.5151682308272336
;0.21420670570177555;0.2482059487566233;0.5691707353693606;0.11312360178233247;0.4250928725854598;0.517363984589901
;0.23229460180992234;0.23078798744036905;0.5733250603281225;0.12392883062831915;0.017003714903418392;0.519909185534698
;0.2430798704297633;0.3701316779704032;0.5776570566053042;0.13394609085380693;0.3230705831649494;0.5222976629346215
;0.2589202970984096;0.4789939361969923;0.5808975966105042;0.14587795938586548;0.4973586609249879;0.5240009693044971
;0.27317401279496734;0.3788406586285303;0.587622852622348;0.16542938211597397;0.5016095896508426;0.5288955962446658
;0.28597414859330267;0.21337002612411476;0.5937365178370054;0.17916963118353682;0.22955015119614827;0.5386612215251483
;0.3006900557587505;0.4398035232354202;0.5975267064300349;0.1956467593284693;0.30606686826153107;0.5436843799988544
;0.3114137916079478;0.05660837427782637;0.6023327270876855;0.21333266569201167;0.3783326566010592;0.5480970951319599
;0.32286905742820965;0.5051208781713737;0.6049944221183509;0.2279299013491042;0.36557987042349543;0.5541492080879463
;0.33989488923555256;0.43544903290635667;0.6082118010712622;0.2459425038603943;0.3400742980683678;0.5595787413205666
;0.3599266742144281;0.4702849555388652;0.6162187936257907;0.2565144890778769;0.3188196544390948;0.565934075344306
;0.3703294942330467;0.09579878723939847;0.6252905278780877;0.2766125608042805;0.5058605183766971;0.5694169839072049
;0.3830632096637651;0.40932209093197525;0.6282349615238818;0.2915239787705359;0.4505984449405874;0.5777042245395021
;0.39383021243241845;0.0914442969103349;0.6314509942842563;0.3112214273654696;0.4633512311181512;0.5848353042242997
;0.40602088204248693;0.46593046520980164;0.6341468708264296;0.3251606040503417;0.27205943845469427;0.5938365426055615
;0.4180025027344718;0.26997840040194115;0.6375442566134282;0.34048797194865954;0.4420965874888782;0.5989620522351194
;0.42815143994317323;0.0130634709871907;0.6419529470592426;0.3550150790329563;0.34432522679422245;0.6044351183083383
;0.4383405132738338;0.3483592263250853;0.6433892341493234;0.36553307630684234;0.08926950324294655;0.6101473352630971
;0.4523648763829692;0.39625861994478456;0.6452305153324633;0.3775556421244003;0.4463475162147328;0.6124276093573482
;0.46871562026166536;0.33965024566695823;0.6504519108592788;0.3947595311477902;0.48035494602156953;0.6156473547920652
;0.48606549543764593;0.42674005224822953;0.6564682395491186;0.41099441056413016;0.24655386609956667;0.6236187979510731
;0.5017558272910365;0.1567616518462884;0.6631166275515742;0.4239802569500487;0.4633512311181512;0.6295194364068039
;0.5126605490050545;0.4180310715901024;0.6676942952387052;0.436486839614398;0.07651671706538277;0.6341287956773288
;0.5252938700988422;0.2090155357950512;0.6708282725848632;0.44820833405328486;0.4250928725854598;0.6375047472382238
;0.5414841721550191;0.2482059487566233;0.6747891131507968;0.45885102672134054;0.042509287258545976;0.6404445542460163
;0.5555327087019817;0.25256043908568687;0.6784903901215292;0.4694438149491763;0.5313660907318247;0.6429328272850856
;0.5663311259963851;0.40061311027384816;0.6820079075720759;0.4890996671559884;0.24230293737371209;0.6459722974591962
;0.5772848376401571;0.1175712388847163;0.6855345278479014;0.4996454089012079;0.4250928725854598;0.6535758594959115
;0.59277240157647;0.46593046520980164;0.6883725488174005;0.5144981196352256;0.26355758100298504;0.6570949514227469
;0.6078554237048861;0.30916881336351326;0.6928910587919562;0.5310086445356699;0.3783326566010592;0.6622091144147465
;0.6221318430281787;0.11321674855565274;0.6987364785771766;0.5503900854454605;0.3825835853269138;0.6675080867904033
;0.6330595912702128;0.4615759748807381;0.7017515552762078;0.567443567685969;0.4080891576820414;0.6748819133805168
;0.6447389139215449;0.047899393619699235;0.7048921503627409;0.5805126191224765;0.27631036718054885;0.6816237751709955
;0.6552167657930189;0.3527137166541489;0.7078673139685523;0.598359122444622;0.3613289416976408;0.6860960014677707
;0.6702119824507384;0.20466104546598762;0.7099660963821622;0.615774780579099;0.4420965874888782;0.6917858174898832
;0.6826156246364083;0.35706820698321245;0.7141450740409304;0.6333141443751895;0.25930665227713046;0.698781909666295
;0.6950670614903491;0.23949696809849616;0.7176288183672324;0.6473337511403465;0.412340086407896;0.7049329929613014
;0.7051924966292936;0.004354490329063567;0.7213428651706274;0.6660249363447857;0.391085442778623;0.7096411045420336
;0.7154420751173963;0.24385145842755973;0.72257741623355;0.67956064648614;0.32732151189080405;0.7171495922240334
;0.7276088553789598;0.391904129615721;0.7238494194100475;0.6913311004080582;0.1700371490341839;0.7220116663750026
;0.7414484941053686;0.16111614217535197;0.7277169686799393;0.7073185270717725;0.46760215984400577;0.724938734975545
;0.7543092811789965;0.26997840040194115;0.7315437690649238;0.7177054511083654;0.2040445788410207;0.7300358408198406
;0.7664257539946394;0.37448616829946674;0.7343158766252685;0.7303936277481624;0.26355758100298504;0.733524012646914
;0.7817456750025794;0.3265867746797675;0.7382201953389264;0.7406372549664232;0.046760215984400576;0.7364905220475396
;0.7997260210377947;0.33965024566695823;0.7435903863925494;0.7520367725335012;0.4633512311181512;0.7380799119633049
;0.8171465163196088;0.36142269731227605;0.7495799724762018;0.7636454560500802;0.23805200864785747;0.7409874241645116
;0.8329373541934679;0.291750852047259;0.7556864914238904;0.7771208335863518;0.16578622030832932;0.7450586082784849
;0.8463248168393944;0.3004598327053861;0.7608435702346051;0.791722329788344;0.47610401729571494;0.7477795445778668
;0.8662984050057815;0.3483592263250853;0.7648076694449275;0.8041983830685846;0.055262073436109775;0.7524658235111026
;0.8804954299469013;0.22643349711130548;0.7712872917847161;0.8149391502233505;0.3783326566010592;0.7557804993407441
;0.8944200333077519;0.30916881336351326;0.7753674651000164;0.8290485488380059;0.11477507559807414;0.7581090693581755
;0.9059015899392329;0.03483592263250854;0.779096489966275;0.8409435206870527;0.4420965874888782;0.7615877961349586
;0.9161920344598927;0.422385561919166;0.7810713448951929;0.8588149996190394;0.2210482937444391;0.7648997825129343
;0.9359318982370105;0.3004598327053861;0.7834238510554093;0.8712960694361641;0.32732151189080405;0.7708254723998423
;0.9510006948150944;0.1045077678975256;0.790558285866312;0.8841236034144278;0.2082955075668753;0.7742475933147106
;0.9626406869343601;0.30481432303444966;0.7936094730634122;0.8942596117732461;0.13602971922734713;0.7776829160729255
;0.9730617295366064;0.2090155357950512;0.795991726019757;0.9101083910866388;0.33157244061665864;0.7794279577613946
;0.9878483736746617;0.21772451645317834;0.7986690474443412;0.9205571941726418;0.055262073436109775;0.7831334194803112
;0.9978565598800547;0.17853410349160623;0.8018240740903659;0.9326633624087572;0.3953363715044776;0.7851543983124148
;1.0114498646174153;0.1567616518462884;0.8038069891173157;0.9436416741172002;0.055262073436109775;0.7878819086031061
;1.0238121350382716;0.40061311027384816;0.8060858778070416;0.9570270454221582;0.3528270842459316;0.7903553136950551
;1.041246161480682;0.261269419743814;0.8095310865745863;0.967809791261044;0.09777136069465575;0.7930865261456058
;1.0580044813817833;0.3135233036925768;0.815300725339635;0.9823053830640718;0.33157244061665864;0.7955158703992017
;1.0684686797310377;0.008708980658127134;0.8201170055077212;0.9961543471658162;0.06801485961367357;0.7986276666426861
;1.0786926820797131;0.2220790067822419;0.8218029567767108;1.0085643792141732;0.3740817278752046;0.8013946017308875
;1.0938186509256358;0.3657771876413396;0.8229827452395289;1.023963965543986;0.26355758100298504;0.8041378181404907
;1.1047614133299857;0.09579878723939847;0.8274286924808958;1.0406176744866535;0.24230293737371209;0.8090475089326666
;1.120271652280578;0.21772451645317834;0.8299541505932337;1.0588435264630003;0.3358233693425132;0.8132597358519829
;1.1309395758390857;0.24385145842755973;0.8323855612716593;1.0696075685895767;0.042509287258545976;0.8185281580969039
;1.141002610296233;0.08708980658127133;0.8348475898798949;1.0805185960150967;0.28056129590640344;0.8205643524236605
;1.1581194816796183;0.39625861994478456;0.8365127265564329;1.0908339180497175;0.021254643629272988;0.8223268684203062
;1.17808906768035;0.3135233036925768;0.8406494329815369;1.1012599656477733;0.3825835853269138;0.8238835327260524
;1.1896363720105025;0.03483592263250854;0.8477364585644576;1.120240528356846;0.3570780129717862;0.8259887510245583
;1.2012622553811716;0.16547063250441554;0.8497477635657537;1.134739431359653;0.16578622030832932;0.833008347699559
;1.2143457110208635;0.3265867746797675;0.8509121338899548;1.1482951591648363;0.27205943845469427;0.8367988266005416
;1.2252903254760152;0.16111614217535197;0.8541310395194929;1.1675299402695212;0.24655386609956667;0.839766484885978
;1.2358095472043549;0.0914442969103349;0.8567998997163089;1.1805936750481174;0.05951300216196437;0.8447541915815174
;1.2499857123655125;0.23949696809849616;0.8581282693455835;1.191569490066745;0.33157244061665864;0.8467533797772595
;1.2621343190096979;0.08273531625220777;0.8604740083612874;1.2057579212023897;0.2082955075668753;0.8488996205154675
;1.2770188709021781;0.2482059487566233;0.8624313449966043;1.2186656398326057;0.09777136069465575;0.8527295601180395
;1.2901269767309183;0.12192572921377987;0.8648943012127979;1.2336171493931587;0.33157244061665864;0.8547048726268153
;1.3063485490661397;0.23078798744036905;0.8673201638155005;1.2438012067712334;0.004250928725854598;0.8579145416018503
;1.3253402740670575;0.21337002612411476;0.8701809493496655;1.253901244118162;0.23380107992200289;0.8596245638329915
;1.3379567436035875;0.10886225822658917;0.8743986127749508;1.2675478538836855;0.1955427213893115;0.860826730921919
;1.3517732659791741;0.2569149294147504;0.8764313296745493;1.2790117477665517;0.025505572355127588;0.8637562745777898
;1.3622919926659316;0.10015327756846204;0.8789582140233122;1.290546339614042;0.2678085097288397;0.8650233116690272
;1.3830453343985067;0.2569149294147504;0.8808361654622057;1.304513879295841;0.06376393088781897;0.8667149407790072
;1.3946183921553381;0.12628021954284344;0.8845413447228859;1.316534671931673;0.29756501080982184;0.8690305663898594
;1.4067539102899989;0.01741796131625427;0.8867587145183977;1.3269532008185374;0.004250928725854598;0.8712022965305953
;1.4167923083151641;0.2351424777694326;0.8876306404582645;1.3372037755043285;0.25505572355127587;0.8727745355728797
;1.4307134255393996;0.15240716151722483;0.8888982915647408;1.3502982032760191;0.034007429806836784;0.8741035566757241
;1.4416482362720449;0.03483592263250854;0.8915958535441006;1.3606373273823937;0.2678085097288397;0.8759961149672766
;1.4556862924155745;0.20030655513692408;0.8926195873871876;1.373166389257917;0.14028064795320172;0.8775563711953471
;1.4712976259337334;0.130634709871907;0.8942700590395156;1.3857606715932218;0.042509287258545976;0.8801128583490114
;1.4892202456898482;0.20466104546598762;0.8968532762710029;1.3960940852240178;0.2210482937444391;0.8812639123750657
;1.5022984880119263;0.08273531625220777;0.8998579654353829;1.4076772654319338;0.12752786177563794;0.8826256371250837
;1.5187200742898816;0.24385145842755973;0.9017372850659001;1.418332198322152;0.017003714903418392;0.8846444473378695
;1.5385559138072211;0.15240716151722483;0.9044188215147215;1.4303676090343131;0.14878250540491092;0.885414434462886
;1.5549280882281207;0.15240716151722483;0.9083488827110152;1.442791683050913;0.2167973650185845;0.8864120870887998
;1.5662370658642033;0.08273531625220777;0.9108441193423693;1.457383757243705;0.1615352915824747;0.8886830827733602
;1.584061698878802;0.1436981808590977;0.9121737298535632;1.4697434136321001;0.017003714903418392;0.8914434118706994
;1.5979121107025664;0.20466104546598762;0.9141917768476737;1.4797841270278054;0.08501857451709195;0.892546752256745
;1.609387207426354;0.030481432303444966;0.9166042362212788;1.491106816968565;0.2125464362927299;0.8930589405407675
;1.621068408853891;0.1828885938206698;0.9179533775594166;1.5127334317557488;0.14028064795320172;0.8947435587180765
;1.6363817142127108;0.12628021954284344;0.9191995866862938;1.524960950644202;0.1785390064858931;0.8985587864368125
;1.648297549321517;0.030481432303444966;0.9215667849095236;1.5413926177443655;0.1700371490341839;0.9005079731101446
;1.6587431099607008;0.16547063250441554;0.9225007579069159;1.5519033249188925;0.051011144710255175;0.9033718167834252
;1.6777676679058702;0.18724308414973337;0.9235241724945776;1.568656194972764;0.1997936501151661;0.9045335037269134
;1.6962563476773593;0.16547063250441554;0.9268792837648493;1.5801696312052076;0.025505572355127588;0.9066343537952125
;1.7138700565966196;0.0653173549359535;0.9301398892439643;1.5912476495745829;0.2040445788410207;0.9079313379107781
;1.7267273600208226;0.13934369053003415;0.9321724054603825;1.608016311570393;0.2040445788410207;0.9092028183065999
;1.7405860894281795;0.0914442969103349;0.9334881000407179;1.6282290792014402;0.1955427213893115;0.9126243728812624
;1.7507106773988048;0.0130634709871907;0.9350873141749204;1.6389027052967058;0.017003714903418392;0.9166627555051992
;1.7625806812737268;0.13498920020097058;0.9356163632197664;1.6509441550614528;0.14878250540491092;0.917797076099634
;1.7747875088671434;0.004354490329063567;0.9364950561101145;1.6692626978735678;0.08926950324294655;0.9187952293213991
;1.7852845593633322;0.12628021954284344;0.9373455283133797;1.6822812219528818;0.1955427213893115;0.9209756122773619
;1.8015880864861287;0.10886225822658917;0.9380311678864197;1.6929501787004888;0.11052414687221955;0.9228295296795909
;1.819080957409207;0.1828885938206698;0.9399479937684377;1.7126368717763247;0.17428807776003852;0.9244622367692696
;1.831404035306725;0.08708980658127133;0.942499773766718;1.7247170564354781;0.051011144710255175;0.9272657421945605
;1.8493048161766816;0.15240716151722483;0.9441632561961182;1.7395259834419587;0.1615352915824747;0.9286265703000628
;1.867550341693464;0.1045077678975256;0.9463068475685934;1.7566972555920142;0.08501857451709195;0.9302003626303359
;1.8785474900344614;0.08273531625220777;0.9486506215187328;1.7693798399298755;0.15303343413076553;0.9323171843975582
;1.8899344099340905;0.06967184526501707;0.9496801915048432;1.779491458876751;0.012752786177563794;0.9338267417357949
;1.9053876976586692;0.043544903290635664;0.9505479155750064;1.7902457096223279;0.13602971922734713;0.9346649252789954
;1.9155060106170918;0.12192572921377987;0.9514227010703423;1.8032867112296833;0.08501857451709195;0.935464947463835
;1.9276576374265204;0.07402633559408063;0.9522598428928963;1.8227768275382574;0.11052414687221955;0.9369062930408472
;1.9462042941891886;0.06096286460688993;0.9534504110749373;1.836531238852181;0.051011144710255175;0.9388118682324335
;1.9563750653603496;0.130634709871907;0.9547022102563346;1.8514195551746302;0.1615352915824747;0.9399227796535033
;1.9664397562529454;0.004354490329063567;0.9556765577998212;1.8620878557562488;0.004250928725854598;0.9415050089418711
;1.976574680649441;0.1175712388847163;0.956355870086752;1.8720968103534261;0.11902600432392874;0.9423893375571409
;1.987684408006194;0.0653173549359535;0.9569737241105367;1.8867879346337422;0.08501857451709195;0.9430062741700282
;1.998591378851549;0.01741796131625427;0.9579896453175405;1.9064895913159585;0.14453157667905633;0.9445050963032673
;2.0108504885932494;0.08708980658127133;0.9584408411586625;1.925444759284898;0.13177879050149252;0.9467663554383762
;2.0251394567771497;0.0914442969103349;0.9590814272564204;1.9426760367323235;0.13177879050149252;0.9493851101491094
;2.0398837974824224;0.07402633559408063;0.9603569613186868;1.9528776703964397;0.046760215984400576;0.9516558270499269
;2.0504303336183543;0.0783808259231442;0.9615768390098678;1.972632591524152;0.10627321814636495;0.952566521819389
;2.071071389842221;0.10886225822658917;0.9623805228280259;1.9856036432959143;0.05951300216196437;0.9540781035299671
;2.082641997874181;0.0391904129615721;0.9643129703417584;2.0016143817130345;0.13177879050149252;0.9551533143532991
;2.0957748403956398;0.06967184526501707;0.9651695000549597;2.012746135302129;0.021254643629272988;0.9566846757801376
;2.1073449638440946;0.01741796131625427;0.9658843355018698;2.024375174598894;0.11052414687221955;0.9575364410199558
;2.118374947662689;0.11321674855565274;0.9663881554084935;2.037383397132458;0.046760215984400576;0.9583026713865669
;2.1382489968266425;0.06096286460688993;0.9671086047765105;2.0556631958484113;0.14028064795320172;0.9593256663831112
;2.1503004829987344;0.03483592263250854;0.968839431874186;2.0677295271540768;0.021254643629272988;0.9610352010553298
;2.1661673555741916;0.0914442969103349;0.9694166907540451;2.0815876155223076;0.06376393088781897;0.9620097702282255
;2.1797447958673306;0.1045077678975256;0.9704185268301887;2.0955258038881674;0.11052414687221955;0.9625988676875251
;2.1905641697348748;0.008708980658127134;0.9717487905603118;2.107334579863192;0.008501857451709196;0.9638134977163966
;2.200986658568629;0.03483592263250854;0.9723612577256574;2.119012645726991;0.09352043196880115;0.9645162734265283
;2.219699105231996;0.043544903290635664;0.9725881808598141;2.131575573528326;0.051011144710255175;0.9651119849342424
;2.23608700622652;0.0783808259231442;0.9733215293720731;2.1450003269269757;0.06376393088781897;0.9660198548156584
;2.2462761436695504;0.004354490329063567;0.9743205827615933;2.1669597576541393;0.07651671706538277;0.9667902683587662
;2.258667106790962;0.030481432303444966;0.9747420835159365;2.1819415307117254;0.034007429806836784;0.9683305099443112
;2.2738061618090315;0.05660837427782637;0.9749579088322562;2.1926232524711895;0.008501857451709196;0.9691584337872227
;2.286422496007386;0.0522538839487628;0.9756171375189299;2.2031360489880565;0.06801485961367357;0.9693854699765672
;2.3008686862114307;0.06967184526501707;0.976303858834617;2.2219264021821092;0.08501857451709195;0.9697876723148906
;2.3130869802688276;0.021772451645317832;0.9771845399721115;2.2417370781664423;0.08076764579123735;0.9712254484537987
;2.3246764726004248;0.030481432303444966;0.9777431866268725;2.2540112340401945;0.03825835853269138;0.9728676170003964
;2.345472797771875;0.0522538839487628;0.9780459846205328;2.272595814686247;0.08076764579123735;0.9735980888654473
;2.3571941124296294;0.03483592263250854;0.9789062798905046;2.2936038847674545;0.029756501080982184;0.9747041130536149
;2.3685598547874602;0.0130634709871907;0.9794166834037158;2.3044825356359646;0.051011144710255175;0.9758650625651936
;2.3813446016011373;0.0653173549359535;0.9796888894872047;2.324228629153547;0.051011144710255175;0.9763043840752108
;2.403530481896526;0.0130634709871907;0.9801899289944416;2.3386736743772505;0.017003714903418392;0.9773116549090984
;2.4195364199840736;0.043544903290635664;0.981059402805134;2.3499211127258315;0.029756501080982184;0.9778028937706
;2.4297713916893464;0.0130634709871907;0.9815124378720979;2.3616470453351224;0.046760215984400576;0.9780658600938256
;2.4432623166472927;0.047899393619699235;0.9818021304266052;2.373633867716063;0.08501857451709195;0.978514475027722
;2.4609531927898938;0.03483592263250854;0.9822133531424218;2.384993619014948;0.029756501080982184;0.9793042795053802
;2.4733848546189146;0.0130634709871907;0.9829451832586401;2.4045276560921325;0.046760215984400576;0.9799561876624326
;2.494921899778624;0.0261269419743814;0.9832429177902878;2.4202291213121687;0.05951300216196437;0.9807035278565224
;2.5130956756308436;0.004354490329063567;0.9836649406371785;2.431143331216986;0.004250928725854598;0.9815378504757957
;2.5279507211292094;0.043544903290635664;0.9839419219963471;2.442185056089858;0.051011144710255175;0.9818858169388287
;2.5485479444253416;0.0522538839487628;0.9842976958321294;2.4523961445631532;0.012752786177563794;0.9821909112442218
;2.563892014445903;0.0130634709871907;0.9852842903382638;2.4716561993008765;0.034007429806836784;0.9825164608140718
;2.582373433106613;0.06096286460688993;0.9857854073721114;2.483318031017648;0.034007429806836784;0.9829667629737756
;2.608567363022705;0.0261269419743814;0.9864694632221275;2.4939180295364105;0.012752786177563794;0.9833633518973031
;2.627274636852287;0.03483592263250854;0.9876100753671254;2.507974678881916;0.03825835853269138;0.9836111810073888
;2.6443327490453177;0.03483592263250854;0.9881802998679439;2.5231500751725395;0.034007429806836784;0.9839697038943411
;2.664218948940366;0.030481432303444966;0.9887745349445568;2.5356587293478423;0.012752786177563794;0.9845180348824946
;2.6839278805588065;0.01741796131625427;0.9894239919329929;2.552240892263702;0.029756501080982184;0.9848104885679502
;2.6966265209844296;0.03483592263250854;0.9898960148697007;2.5725607290002173;0.025505572355127588;0.9851629365313292
;2.715723812141945;0.004354490329063567;0.9902277915112545;2.5846954575737664;0.004250928725854598;0.9857243946863008
;2.727899006588261;0.021772451645317832;0.9906020068747096;2.6019137801526457;0.029756501080982184;0.9859049382182591
;2.7620107810552157;0.0261269419743814;0.9907610571741226;2.6141794401136234;0.008501857451709196;0.9861977136665052
;2.773080273674601;0.008708980658127134;0.9915780238302521;2.625747097539905;0.025505572355127588;0.9864323456747189
;2.78430480455763;0.0261269419743814;0.9917708318244871;2.6362675213153857;0.004250928725854598;0.9866290388236958
;2.816406960541949;0.01741796131625427;0.9919663402692007;2.648545373942101;0.021254643629272988;0.9867855643244196
;2.8306148187813074;0.004354490329063567;0.9926652829080798;2.6607166707990393;0.012752786177563794;0.9869421411536878
;2.842458034157204;0.030481432303444966;0.9928199528613298;2.6800781689400504;0.017003714903418392;0.987149098415448
;2.8589351947849972;0.004354490329063567;0.9930262375286072;2.6922082395480325;0.021254643629272988;0.9874371636356291
;2.8695738905363917;0.004354490329063567;0.9933132360750239;2.702732305716519;0.004250928725854598;0.9876692019308027
;2.8874417728063277;0.008708980658127134;0.9933595621727871;2.715601355092641;0.008501857451709196;0.987803413096368
;2.9007064050643896;0.030481432303444966;0.9934762704536051;2.7289900744432067;0.004250928725854598;0.9878854712138689
;2.9210681501877573;0.0130634709871907;0.9937361936615936;2.7401706024900867;0.021254643629272988;0.9879708429514037
;2.9537958713690737;0.004354490329063567;0.9941795187727064;2.757253950930006;0.03825835853269138;0.9881134258349378
;2.9698104418137636;0.0130634709871907;0.994464543863459;2.772518373559329;0.029756501080982184;0.988621766511257
;2.988910383964288;0.0130634709871907;0.9946040144477101;2.7982627649457754;0.008501857451709196;0.9891408702923656
;3.000666509328829;0.004354490329063567;0.9948535259878505;2.8089464812571165;0.008501857451709196;0.9896333393703
;3.0183024488329977;0.01741796131625427;0.9949559098562646;2.8199300589966905;0.012752786177563794;0.9897241708034334
;3.0479318728333666;0.008708980658127134;0.9951478986763018;2.8426650464469874;0.008501857451709196;0.989840896818748
;3.0586840290915314;0.004354490329063567;0.9955349617970978;2.863707123222899;0.025505572355127588;0.990082508846834
;3.0711292129928043;0.004354490329063567;0.9956051920377619;2.8744158425907065;0.029756501080982184;0.9904403023213074
;3.111571693386233;0.004354490329063567;0.9956593844707036;2.922898496968903;0.017003714903418392;0.9907361953393627
;3.134942347203522;0.0130634709871907;0.9958354908604599;2.9436197259541372;0.004250928725854598;0.9918697250344733
;3.155941941315188;0.008708980658127134;0.9960390254325225;2.9614640945700406;0.008501857451709196;0.9920899362032942
;3.1738491740934496;0.004354490329063567;0.9962676317562063;2.9829961637288887;0.008501857451709196;0.9922037189120104
;3.1858972072832574;0.004354490329063567;0.9963845970641362;2.998185413352606;0.004250928725854598;0.9923867814946393
;3.196794378664674;0.021772451645317832;0.9964370601081453;3.0090653776852494;0.008501857451709196;0.9924836341209639
;3.214398114293947;0.008708980658127134;0.9965794149903289;3.0216897035901695;0.004250928725854598;0.9925530090503405
;3.294878184570882;0.008708980658127134;0.9968477085282647;3.035037144485397;0.017003714903418392;0.9926335067147912
;3.3180126838327806;0.008708980658127134;0.9975486079036713;3.05862603474846;0.004250928725854598;0.9927753542645867
;3.337995626562061;0.004354490329063567;0.9977500858102785;3.084439095078379;0.004250928725854598;0.9930260409926623
;3.378665414027036;0.008708980658127134;0.99788060910657;3.099996587032911;0.008501857451709196;0.993135770472321
;3.4222386682955124;0.004354490329063567;0.9981462534008718;3.116709951480891;0.017003714903418392;0.9932349711564987
;3.440352372853819;0.004354490329063567;0.9984308623723486;3.132253125717967;0.004250928725854598;0.9934481131196116
;3.5057862622360654;0.004354490329063567;0.9985097383236714;3.1509167691355127;0.008501857451709196;0.9936132954342498
;3.5237497682076744;0.004354490329063567;0.9987946695621793;3.165349803970924;0.004250928725854598;0.993732302161149
;3.5452007145105173;0.004354490329063567;0.9988728914752086;3.179835252506743;0.012752786177563794;0.9938243328647237
;3.598088954990632;0.004354490329063567;0.9989662994134338;3.197762173083502;0.008501857451709196;0.9939474860832994
;3.609027120848573;0.004354490329063567;0.9991966007451257;3.208302529699746;0.012752786177563794;0.9941380012374139
;3.6633097966920007;0.004354490329063567;0.9992442308825716;3.2237851910985302;0.012752786177563794;0.9942500169992158
;3.67837649854035;0.004354490329063567;0.9994806042695678;3.2345548854166317;0.004250928725854598;0.994447464069494
;3.768056826806287;0.004354490329063567;0.9995462120770571;3.251866495645373;0.004250928725854598;0.9945390264753851
;3.782587987980119;0.004354490329063567;0.9999367241991984;3.2811109963326173;0.008501857451709196;0.9946126168965973
;;;;3.303644105941655;0.004250928725854598;0.9947990913286643
;;;;3.348401417981079;0.004250928725854598;0.9949427712930441
;;;;3.3680992700298864;0.004250928725854598;0.9951330314364846
;;;;3.379858548728409;0.008501857451709196;0.9952167656015964
;;;;3.3998729715453946;0.008501857451709196;0.9952917473850188
;;;;3.4170511760126776;0.004250928725854598;0.9954619071547871
;;;;3.4563147848693485;0.008501857451709196;0.9955714421390299
;;;;3.5065751164912218;0.004250928725854598;0.9958218023431842
;;;;3.7193999324304086;0.004250928725854598;0.9961422819743777
;;;;3.7949091457968396;0.004250928725854598;0.9970469850980284
;;;;3.824900058598457;0.004250928725854598;0.9973679693821944
;;;;3.9155419927304975;0.004250928725854598;0.9974954586149374
;;;;3.9586234400770266;0.004250928725854598;0.9978807710165063
;;;;4.107290042691021;0.004250928725854598;0.9980639071785831
;;;;4.29108143318086;0.004250928725854598;0.9986958783102101
;;;;4.414075165165074;0.004250928725854598;0.9994771624116082
