t	linear	cwm
-3e-08	0.0693378159049633	0.03605516846387198
-2.989489489489489e-08	0.07119474178508667	0.03715747603591863
-2.978978978978979e-08	0.07309584042157874	0.03829013655993826
-2.9684684684684683e-08	0.07504200065064127	0.039453875465440665
-2.9579579579579577e-08	0.07703412478357288	0.04064943210877445
-2.947447447447447e-08	0.07907312869728797	0.041877559941108485
-2.9369369369369368e-08	0.08115994192239014	0.043139026675584356
-2.9264264264264262e-08	0.08329550772869261	0.044434614453516805
-2.9159159159159156e-08	0.08548078320810558	0.0457651200095447
-2.905405405405405e-08	0.08771673935478146	0.04713135483563196
-2.8948948948948947e-08	0.0900043611424164	0.04853414534378394
-2.884384384384384e-08	0.09234464759862601	0.0499743330273974
-2.8738738738738735e-08	0.09473861187627926	0.05145277462109814
-2.863363363363363e-08	0.09718728132169213	0.05297034225897848
-2.8528528528528527e-08	0.09969169753958673	0.05452792363108704
-2.842342342342342e-08	0.10225291645470909	0.05612642213806964
-2.8318318318318315e-08	0.10487200837000211	0.05776675704382456
-2.821321321321321e-08	0.10755005802122779	0.059449863626057774
-2.8108108108108106e-08	0.11028816462794276	0.06117669332459763
-2.8003003003003e-08	0.11308744194071388	0.0629482138873415
-2.7897897897897894e-08	0.11594901828447372	0.06476540951371337
-2.779279279279279e-08	0.11887403659791103	0.06662928099548028
-2.7687687687687685e-08	0.12186365446878093	0.06854084585480372
-2.758258258258258e-08	0.12491904416504487	0.07050113847938244
-2.7477477477477473e-08	0.12804139266172063	0.07251121025455122
-2.737237237237237e-08	0.13123190166333631	0.07457212969218092
-2.7267267267267265e-08	0.13449178762189143	0.0766849825562559
-2.716216216216216e-08	0.13782228175021052	0.0788508719849621
-2.7057057057057056e-08	0.14122463003057864	0.08107091860915376
-2.695195195195195e-08	0.14470009321855776	0.0833462606670415
-2.6846846846846844e-08	0.14824994684188694	0.085678054114954
-2.6741741741741738e-08	0.15187548119432842	0.08806747273402159
-2.6636636636636632e-08	0.15557800132439514	0.09051570823262577
-2.653153153153153e-08	0.15935882701881476	0.09302397034446253
-2.6426426426426424e-08	0.16321929278065234	0.09559348692205631
-2.6321321321321318e-08	0.16716074780197138	0.0982255040255822
-2.6216216216216215e-08	0.17118455593093151	0.10092128600681388
-2.611111111111111e-08	0.1752920956332219	0.10368211558806578
-2.6006006006006003e-08	0.17948475994772378	0.10650929393594077
-2.5900900900900897e-08	0.18376395643629792	0.10940414072973867
-2.579579579579579e-08	0.18813110712760128	0.11236799422436512
-2.5690690690690688e-08	0.19258764845482404	0.11540221130755789
-2.5585585585585582e-08	0.19713503118724954	0.11850816755129118
-2.548048048048048e-08	0.2017747203555394	0.12168725725716995
-2.5375375375375374e-08	0.2065081951706488	0.12494089349567383
-2.5270270270270268e-08	0.21133694893625957	0.1282705081390554
-2.516516516516516e-08	0.21626248895466474	0.13167755188775515
-2.5060060060060056e-08	0.22128633642597245	0.13516349429015115
-2.4954954954954953e-08	0.22641002634057356	0.13872982375547502
-2.4849849849849847e-08	0.23163510736475446	0.1423780475597436
-2.474474474474474e-08	0.23696314171937824	0.14610969184452152
-2.4639639639639638e-08	0.2423957050515456	0.14992630160836368
-2.4534534534534532e-08	0.2479343862991458	0.15382944069076646
-2.4429429429429426e-08	0.2535807875482111	0.1578206917484559
-2.432432432432432e-08	0.25933652388300693	0.16190165622386546
-2.4219219219219214e-08	0.2652032232287546	0.16607395430562671
-2.4114114114114112e-08	0.27118252618692634	0.17033922488090614
-2.4009009009009006e-08	0.2772760858630325	0.17469912547944866
-2.3903903903903903e-08	0.283485567686823	0.17915533220913837
-2.3798798798798797e-08	0.2898126492248337	0.18370953968294365
-2.369369369369369e-08	0.296259019985213	0.18836346093706902
-2.3588588588588585e-08	0.30282638121475697	0.19311882734017058
-2.348348348348348e-08	0.3095164456880934	0.1979773884934734
-2.3378378378378376e-08	0.3163309374889484	0.20294091212164087
-2.327327327327327e-08	0.3232715917834491	0.2080111839542447
-2.3168168168168164e-08	0.3303401545853913	0.2131900075976895
-2.3063063063063062e-08	0.33753838251343476	0.21847920439743723
-2.2957957957957956e-08	0.34486804254016873	0.2238806132904038
-2.285285285285285e-08	0.35233091173301	0.22939609064736205
-2.2747747747747744e-08	0.35992877698686987	0.23502751010524348
-2.2642642642642638e-08	0.3676634347485881	0.24077676238916837
-2.2537537537537535e-08	0.3755366907330622	0.24664575512410505
-2.243243243243243e-08	0.38355035963105755	0.25263641263600295
-2.2327327327327326e-08	0.39170626480866716	0.25875067574228233
-2.222222222222222e-08	0.4000062379983987	0.2649905015315697
-2.2117117117117114e-08	0.40845211898185924	0.2713578631325309
-2.201201201201201e-08	0.4170457552640333	0.27785474947172045
-2.1906906906906903e-08	0.4257890017391272	0.2844831650203078
-2.1801801801801797e-08	0.4346837203479812	0.29124512952959064
-2.1696696696696694e-08	0.44373177972703554	0.29814267775518294
-2.1591591591591588e-08	0.4529350548488634	0.30517785916977996
-2.1486486486486485e-08	0.46229542665425405	0.3123527376644113
-2.138138138138138e-08	0.4718147816758674	0.3196693912380896
-2.1276276276276273e-08	0.48149501165347497	0.3271299116757632
-2.1171171171171167e-08	0.4913380131407894	0.33473640421450607
-2.106606606606606e-08	0.5013456871039141	0.3424909871978608
-2.096096096096096e-08	0.5115199385114362	0.3503957917182696
-2.0855855855855853e-08	0.5218626759161967	0.3584529612475296
-2.075075075075075e-08	0.532375811028756	0.36666465125520986
-2.0645645645645644e-08	0.5430612582826235	0.3750330288149857
-2.0540540540540538e-08	0.5539209343912618	0.3835602721988414
-2.0435435435435432e-08	0.5649567578969503	0.39224857045909084
-2.0330330330330326e-08	0.5761706487115223	0.4011001229982038
-2.022522522522522e-08	0.5875645276490774	0.41011713912638664
-2.0120120120120117e-08	0.5991403159506978	0.4193018376069108
-2.001501501501501e-08	0.610899934801259	0.4286564461891753
-1.990990990990991e-08	0.6228453048383993	0.43818320112948284
-1.9804804804804803e-08	0.6349783456537342	0.44788434669954447
-1.9699699699699697e-08	0.6473009752863935	0.4577621346827033
-1.959459459459459e-08	0.6598151097089732	0.46781882385791473
-1.9489489489489485e-08	0.6725226623060083	0.47805667947146574
-1.9384384384384382e-08	0.6854255433450408	0.488477972696504
-1.9279279279279276e-08	0.6985256594404229	0.4990849800803831
-1.9174174174174173e-08	0.7118249130099329	0.5098799829798746
-1.9069069069069067e-08	0.7253252017243472	0.520865266984308
-1.896396396396396e-08	0.7390284179500695	0.5320431213266779
-1.8858858858858855e-08	0.7529364481849635	0.5434158382828108
-1.875375375375375e-08	0.767051172487501	0.5549857125586374
-1.8648648648648643e-08	0.7813744638993825	0.5667550406656809
-1.854354354354354e-08	0.7959081878617583	0.5787261202848347
-1.8438438438438435e-08	0.8106542016252132	0.5909012496185336
-1.8333333333333332e-08	0.8256143536536464	0.6032827267314279
-1.8228228228228226e-08	0.8407904830222399	0.6158728488796859
-1.812312312312312e-08	0.8561844188096435	0.6286739118290202
-1.8018018018018014e-08	0.8717979794845696	0.6416882091616185
-1.7912912912912908e-08	0.8876329722869741	0.6549180315720692
-1.7807807807807805e-08	0.9036911926039796	0.668365666152479
-1.77027027027027e-08	0.9199744233407638	0.6820333956669077
-1.7597597597597597e-08	0.9364844342865684	0.6959234978153109
-1.749249249249249e-08	0.9532229814760512	0.7100382444871564
-1.7387387387387385e-08	0.9701918065461625	0.7243799010049065
-1.728228228228228e-08	0.9873926360887729	0.7389507253575569
-1.7177177177177173e-08	1.0048271809992446	0.7537529674244424
-1.7072072072072067e-08	1.0224971358211767	0.7687888681895135
-1.6966966966966964e-08	1.0404041780875324	0.7840606589463193
-1.6861861861861858e-08	1.0585499676583978	0.7995705604939124
-1.6756756756756755e-08	1.076936146055573	0.8153207823239251
-1.665165165165165e-08	1.0955643357942504	0.8313135217990659
-1.6546546546546544e-08	1.114436139712026	0.8475509633232844
-1.6441441441441438e-08	1.133553140295465	0.8640352775038883
-1.633633633633633e-08	1.1529168990045078	0.8807686203058669
-1.623123123123123e-08	1.1725289555949154	0.8977531321987241
-1.6126126126126123e-08	1.1923908274390884	0.9149909372960975
-1.602102102102102e-08	1.2125040088454422	0.932484142488473
-1.5915915915915914e-08	1.232869970376669	0.9502348365693162
-1.5810810810810808e-08	1.2534901581671165	0.9682450893548991
-1.5705705705705702e-08	1.2743659932395806	0.9865169507982116
-1.5600600600600596e-08	1.29549887082178	1.005052450097222
-1.549549549549549e-08	1.3168901596628046	1.0238535947978937
-1.5390390390390388e-08	1.3385412013498024	1.0429223698922603
-1.528528528528528e-08	1.3604533096252287	1.0622607369119506
-1.518018018018018e-08	1.3826277697049185	1.0818706330175103
-1.5075075075075073e-08	1.4050658375972918	1.1017539700839085
-1.4969969969969967e-08	1.4277687394239937	1.1219126337826064
-1.4864864864864861e-08	1.4507376707422575	1.1423484826605708
-1.4759759759759758e-08	1.4739737958693186	1.163063347216644
-1.4654654654654652e-08	1.497478247209165	1.1840590289756665
-1.4549549549549546e-08	1.5212521245819408	1.2053372995607576
-1.444444444444444e-08	1.545296494556321	1.226899899764179
-1.4339339339339338e-08	1.569612389785165	1.2487485386172137
-1.4234234234234232e-08	1.5942008083447676	1.2708848924594767
-1.4129129129129126e-08	1.6190627130780317	1.2933106040080908
-1.402402402402402e-08	1.6441990309418693	1.3160272814271945
-1.3918918918918917e-08	1.6696106523591665	1.3390364973982116
-1.3813813813813811e-08	1.6952984305756291	1.3623397881913388
-1.3708708708708705e-08	1.7212631810218253	1.385938652738716
-1.3603603603603599e-08	1.7475056806807776	1.4098345517097424
-1.3498498498498496e-08	1.774026667461389	1.4340289065889973
-1.339339339339339e-08	1.8008268395780778	1.458523098757277
-1.3288288288288284e-08	1.8279068549368942	1.4833184685761636
-1.3183183183183178e-08	1.8552673305285023	1.508416314476672
-1.3078078078078076e-08	1.8829088418283209	1.533817892052422
-1.297297297297297e-08	1.9108319222041428	1.559524413157836
-1.2867867867867864e-08	1.9390370623316049	1.585537045011858
-1.2762762762762761e-08	1.9675247096177737	1.6118569093076929
-1.2657657657657655e-08	1.9962952676332417	1.6384850813290572
-1.2552552552552549e-08	2.0253490955529845	1.6654225890734382
-1.2447447447447443e-08	2.054686507606384	1.6926704123828857
-1.234234234234234e-08	2.0843077725366634	1.7202294820828155
-1.2237237237237234e-08	2.114213113070117	1.7481006791293507
-1.2132132132132128e-08	2.144402705395415	1.7762848337656987
-1.2027027027027022e-08	2.174876678653322	1.8047827246880699
-1.192192192192192e-08	2.205635114437139	1.83359507822165
-1.1816816816816814e-08	2.2366780463041853	1.8627225675071513
-1.1711711711711708e-08	2.2680054592986205	1.8921658116984046
-1.1606606606606602e-08	2.299617289485939	1.9219253751715641
-1.15015015015015e-08	2.331513423499407	1.9520017667463774
-1.1396396396396393e-08	2.3636936980987993	1.982395438920053
-1.1291291291291287e-08	2.3961578997416577	2.0131067871142228
-1.1186186186186185e-08	2.4289057641674465	2.044136148935515
-1.1081081081081079e-08	2.461936975994854	2.0754838034502052
-1.0975975975975973e-08	2.4952511683325174	2.1071499704734733
-1.0870870870870867e-08	2.5288479224034983	2.139134809873758
-1.0765765765765764e-08	2.562726767183752	2.1714384208926774
-1.0660660660660658e-08	2.5968871790548773	2.20406084148103
-1.0555555555555552e-08	2.6313285814714273	2.237002047651327
-1.0450450450450446e-08	2.666050344643016	2.2702619528473815
-1.0345345345345343e-08	2.70105178523154	2.3038404073313705
-1.0240240240240237e-08	2.736332166063694	2.3377371975888925
-1.0135135135135131e-08	2.7718906958591	2.3719520457524323
-1.0030030030030025e-08	2.807726528974237	2.4064846090437397
-9.924924924924923e-09	2.843838765162462	2.4413344792355374
-9.819819819819817e-09	2.880226449350313	2.4765011821330116
-9.71471471471471e-09	2.9168885714303356	2.511984177075521
-9.609609609609608e-09	2.9538240660706547	2.5477828564589626
-9.504504504504502e-09	2.9910318125415016	2.5838965452792144
-9.399399399399396e-09	3.028510634558909	2.6203245006970417
-9.29429429429429e-09	3.066259300145742	2.657065911624914
-9.189189189189187e-09	3.104276521510314	2.6941198983360968
-9.084084084084081e-09	3.1425609549427187	2.7314855120964254
-8.978978978978975e-09	3.1811112007290667	2.769161734819123
-8.87387387387387e-09	3.2199258030838345	2.8071474787430364
-8.768768768768767e-09	3.2590032501004313	2.8454415861346503
-8.66366366366366e-09	3.2983419737201722	2.884042829014236
-8.558558558558555e-09	3.3379403497197964	2.9229499089064324
-8.453453453453449e-09	3.377796697717665	2.9621614566156453
-8.348348348348346e-09	3.4179092811987672	3.00167603202652
-8.24324324324324e-09	3.4582763075586613	3.041492123929833
-8.138138138138134e-09	3.498895928166449	3.0816081498740555
-8.033033033033031e-09	3.5397662384469015	3.122022456042906
-7.927927927927925e-09	3.580885277981824	3.1627333171591285
-7.82282282282282e-09	3.6222510306307427	3.203738936414751
-7.717717717717713e-09	3.6638614246709897	3.2450374454280806
-7.61261261261261e-09	3.7057143329572635	3.286626904227643
-7.507507507507505e-09	3.7478075731007072	3.3285053012632937
-7.402402402402399e-09	3.790138907667563	3.370670553444673
-7.297297297297293e-09	3.8327060443974323	3.413120506207234
-7.19219219219219e-09	3.875506636441187	3.455852933605959
-7.087087087087084e-09	3.918538282618541	3.498865538436975
-6.981981981981978e-09	3.961798527695274	3.5421559523871475
-6.876876876876872e-09	4.005284862680154	3.5857217362118488
-6.7717717717717695e-09	4.0489947251414895	3.6295603799409317
-6.6666666666666635e-09	4.09292549954336	3.673669303113091
-6.5615615615615575e-09	4.137074517601418	3.7180458550386026
-6.456456456456455e-09	4.181439058658286	3.762687315090581
-6.351351351351349e-09	4.2260163500784875	3.8075908930247513
-6.246246246246243e-09	4.270803567662796	3.8527537293277936
-6.141141141141137e-09	4.315797836082037	3.8981728955942674
-6.036036036036034e-09	4.360996229330153	3.943845394932108
-5.930930930930928e-09	4.406395771196525	3.989768162396714
-5.825825825825822e-09	4.4519934357574	4.035938065453527
-5.720720720720716e-09	4.497786147886342	4.082351904469122
-5.6156156156156136e-09	4.543770783783578	4.129006413230707
-5.5105105105105076e-09	4.589944171524107	4.175898259493951
-5.4054054054054016e-09	4.636303091624434	4.2230240455590495
-5.300300300300296e-09	4.68284427762778	4.270380308874913
-5.195195195195193e-09	4.729564416707607	4.317963522671328
-5.090090090090087e-09	4.776460150289304	4.365770096618979
-4.984984984984981e-09	4.823528074689813	4.413796377517118
-4.879879879879875e-09	4.870764741775057	4.462038650008735
-4.774774774774772e-09	4.91816665963494	4.510493137323021
-4.669669669669666e-09	4.965730293275718	4.559156002044906
-4.56456456456456e-09	5.013452065329528	4.608023346911433
-4.459459459459458e-09	5.06132835678083	4.657091215634726
-4.354354354354352e-09	5.109355507709571	4.7063555937513115
-4.249249249249246e-09	5.157529818050754	4.755812409497455
-4.14414414414414e-09	5.205847548370223	4.805457534710279
-4.039039039039037e-09	5.254304920656371	4.855286785754306
-3.933933933933931e-09	5.30289811912749	4.905295924473118
-3.828828828828825e-09	5.351623291054511	4.955480659165785
-3.723723723723719e-09	5.400476547598807	5.00583664558769
-3.6186186186186164e-09	5.449453964664786	5.056359487975393
-3.5135135135135104e-09	5.498551583766978	5.10704474009515
-3.4084084084084044e-09	5.547765412911245	5.157887906314636
-3.3033033033032984e-09	5.597091427489872	5.208884442697514
-3.1981981981981957e-09	5.646525571190132	5.260029758120356
-3.0930930930930897e-09	5.696063756916051	5.311319215411539
-2.9879879879879837e-09	5.745701867722956	5.362748132511557
-2.882882882882881e-09	5.795435757764525	5.414311783654358
-2.777777777777775e-09	5.845261253251948	5.466005400569185
-2.672672672672669e-09	5.8951741534247875	5.517824173702392
-2.567567567567563e-09	5.945170231533263	5.569763253458759
-2.4624624624624604e-09	5.9952452358314705	5.621817751461749
-2.3573573573573544e-09	6.045394890581242	5.673982741832194
-2.2522522522522485e-09	6.095614897066175	5.726253262484809
-2.1471471471471425e-09	6.145900934615493	5.778624316442017
-2.0420420420420398e-09	6.1962486616372905	5.831090873164487
-1.936936936936934e-09	6.24665371666079	5.8836478698978
-1.8318318318318278e-09	6.297111719387141	5.936290213034631
-1.7267267267267218e-09	6.347618271748401	5.989012779491876
-1.6216216216216192e-09	6.398168958974234	6.041810418102051
-1.5165165165165132e-09	6.448759350665913	6.094677951018395
-1.4114114114114072e-09	6.499385001877172	6.147610175132994
-1.3063063063063045e-09	6.550041454201492	6.2006018635072975
-1.2012012012011985e-09	6.600724236865389	6.2536477668143835
-1.0960960960960925e-09	6.651428867827195	6.30674261479229
-9.909909909909865e-10	6.702150854880974	6.359881117707755
-8.858858858858839e-10	6.752885696765036	6.41305796782969
-7.807807807807779e-10	6.803628884274669	6.46626784091172
-6.756756756756719e-10	6.854375901378553	6.519505397683038
-5.705705705705659e-10	6.905122226338468	6.572765285346976
-4.654654654654632e-10	6.955863332831798	6.626042139086506
-3.6036036036035724e-10	7.006594691076361	6.679330583576028
-2.5525525525525125e-10	7.057311768957126	6.732625234498689
-1.5015015015014857e-10	7.108010033154329	6.785920700068549
-4.504504504504259e-11	7.158684950272539	6.839211582556887
6.00600600600634e-11	7.209331987970176	6.892492479821884
1.6516516516516939e-10	7.259946616089056	6.945757986841015
2.7027027027027537e-10	7.310524307783459	6.999002697245382
3.7537537537538136e-10	7.361060540648272	7.052221204855307
4.804804804804807e-10	7.411550797845713	7.105408105216409
5.855855855855867e-10	7.46199056923023	7.158557997135482
6.906906906906927e-10	7.51237535247101	7.2116654842154295
7.957957957957987e-10	7.562700654171739	7.2647251763885246
9.009009009009047e-10	7.612961990987082	7.317731691447279
1.0060060060060107e-09	7.66315489073543	7.370679656572211
1.1111111111111166e-09	7.713274893507493	7.4235637098557525
1.2162162162162226e-09	7.763317552770217	7.476378501821611
1.321321321321322e-09	7.813278436465653	7.529118696938874
1.426426426426428e-09	7.863153128104247	7.581778975130093
1.531531531531534e-09	7.9129372278521295	7.634354033272704
1.63663663663664e-09	7.962626353612012	7.686838586693036
1.741741741741746e-09	8.012216142097152	7.739227370652208
1.846846846846852e-09	8.061702249898037	7.791515141823264
1.951951951951958e-09	8.111080354541283	7.843696679758778
2.0570570570570573e-09	8.160346155540399	7.895766788348329
2.1621621621621633e-09	8.209495375437891	7.94772029726512
2.2672672672672693e-09	8.258523760838383	7.999552063401073
2.3723723723723753e-09	8.307427083432275	8.051256972289744
2.4774774774774812e-09	8.356201141009564	8.102829939516434
2.5825825825825872e-09	8.404841758463398	8.154265912114793
2.6876876876876932e-09	8.453344788782994	8.20555986994932
2.792792792792799e-09	8.5017061140355	8.256706827083116
2.8978978978978986e-09	8.54992164633643	8.307701833130272
3.0030030030030046e-09	8.597987328808301	8.358539974592304
3.1081081081081105e-09	8.645899136527069	8.409216376177971
3.2132132132132165e-09	8.69365307745603	8.459726202105976
3.3183183183183225e-09	8.741245193366801	8.510064657389911
3.4234234234234285e-09	8.788671560747062	8.560226989104896
3.5285285285285345e-09	8.835928291694684	8.610208487635363
3.6336336336336405e-09	8.883011534797902	8.660004487903446
3.73873873873874e-09	8.929917476001245	8.70961037057742
3.843843843843846e-09	8.976642339456868	8.75902156325972
3.948948948948952e-09	9.023182388360954	8.808233541653975
4.054054054054058e-09	9.069533925774941	8.857241830710624
4.159159159159164e-09	9.115693295431237	8.9060420057506
4.26426426426427e-09	9.161656882523125	8.95462969356663
4.369369369369376e-09	9.207421114478617	9.00300057350169
4.474474474474475e-09	9.252982461717957	9.05115037850422
4.579579579579581e-09	9.298337438394515	9.099074896159607
4.684684684684687e-09	9.343482603118836	9.146769969697612
4.789789789789793e-09	9.388414559665577	9.194231498975265
4.894894894894899e-09	9.433129957663132	9.241455441434942
5.000000000000005e-09	9.477625493265672	9.2884378130372
5.105105105105111e-09	9.521897909807445	9.335174689168031
5.210210210210217e-09	9.56594399843907	9.381662205520236
5.315315315315316e-09	9.609760598745678	9.427896558948595
5.420420420420422e-09	9.653344599346687	9.473874008298518
5.525525525525528e-09	9.69669293847704	9.519590875207914
5.630630630630634e-09	9.739802604549755	9.565043544882009
5.73573573573574e-09	9.78267063669959	9.610228466840873
5.840840840840846e-09	9.825294125307753	9.65514215563941
5.945945945945952e-09	9.867670212507424	9.699781191559612
6.051051051051052e-09	9.909796092670039	9.744142221274865
6.156156156156158e-09	9.9516690128722	9.788221958486137
6.261261261261264e-09	9.993286273343065	9.832017184529871
6.36636636636637e-09	10.034645227892195	9.875524748957458
6.471471471471476e-09	10.075743284317706	9.918741570086137
6.576576576576582e-09	10.116577904794699	9.961664635521208
6.681681681681688e-09	10.15714660624385	10.004291002649486
6.786786786786794e-09	10.197446960680187	10.04661779910388
6.891891891891893e-09	10.237476595541898	10.088642223199065
6.996996996996999e-09	10.277233193999262	10.130361544338184
7.102102102102105e-09	10.316714495243536	10.171773103390551
7.207207207207211e-09	10.355918294755941	10.21287431304033
7.312312312312317e-09	10.39484244455659	10.253662658106233
7.417417417417423e-09	10.433484853433486	10.2941356958322
7.522522522522529e-09	10.471843487151517	10.33429105614915
7.627627627627628e-09	10.50991636864152	10.374126441907794
7.732732732732734e-09	10.547701578169463	10.413639629082667
7.83783783783784e-09	10.585197253485703	10.45282846694734
7.942942942942946e-09	10.6224015899545	10.491690878221034
8.048048048048052e-09	10.65931284066374	10.530224859186667
8.153153153153158e-09	10.695929316515002	10.568428479780515
8.258258258258264e-09	10.732249386294031	10.606299883653566
8.36336336336337e-09	10.768271476721702	10.643837288204832
8.46846846846847e-09	10.803994072485601	10.68103898458667
8.573573573573576e-09	10.839415716252292	10.717903337682417
8.678678678678682e-09	10.874535008660422	10.754428786056456
8.783783783783787e-09	10.909350608294783	10.790613841876961
8.888888888888893e-09	10.94386123164146	10.8264570908116
8.993993993994e-09	10.978065653024208	10.861957191896341
9.099099099099105e-09	11.011962704522208	10.897112877377722
9.204204204204205e-09	11.045551275869395	10.931922952528767
9.30930930930931e-09	11.078830314335455	10.966386295438939
9.414414414414417e-09	11.111798824588769	11.0005018567783
9.519519519519523e-09	11.144455868541366	11.034268659536277
9.624624624624629e-09	11.176800565176197	11.067685798735358
9.729729729729735e-09	11.208832090356845	11.100752441119987
9.83483483483484e-09	11.240549676619903	11.133467824821038
9.939939939939947e-09	11.271952612950265	11.165831258996262
1.0045045045045046e-08	11.303040244539478	11.197842123446987
1.0150150150150152e-08	11.333811972527453	11.229499868211535
1.0255255255255258e-08	11.364267253727748	11.260804013135672
1.0360360360360364e-08	11.394405600336608	11.291754147420525
1.046546546546547e-08	11.424226579626124	11.322349929148395
1.0570570570570576e-08	11.453729813621624	11.352591084786782
1.0675675675675682e-08	11.482914978763677	11.38247740867119
1.0780780780780781e-08	11.511781805554879	11.41200876246699
1.0885885885885887e-08	11.540330078191763	11.441185074610901
1.0990990990990993e-08	11.568559634182037	11.470006339732493
1.10960960960961e-08	11.596470363947494	11.498472618056114
1.1201201201201205e-08	11.624062210412843	11.526584034783806
1.1306306306306311e-08	11.651335168580735	11.55434077945957
1.1411411411411417e-08	11.67828928509331	11.58174310531556
1.1516516516516523e-08	11.704924657780563	11.608791328600557
1.1621621621621623e-08	11.73124143519576	11.635485827891346
1.1726726726726729e-08	11.757239816138334	11.661827043387374
1.1831831831831835e-08	11.78292004916443	11.68781547618924
1.193693693693694e-08	11.808282432085512	11.71345168756151
1.2042042042042047e-08	11.8333273114553	11.73873629818033
1.2147147147147153e-08	11.858055082045373	11.763669987366393
1.2252252252252259e-08	11.88246618630973	11.788253492303701
1.2357357357357358e-08	11.906561113838661	11.8124876072447
1.2462462462462464e-08	11.930340400802253	11.836373182702264
1.256756756756757e-08	11.953804629383818	11.859911124629036
1.2672672672672676e-08	11.97695442720363	11.883102393584705
1.2777777777777782e-08	11.999790466733245	11.905948003891625
1.2882882882882888e-08	12.022313464700773	11.928449022779436
1.2987987987987994e-08	12.044524181487436	11.950606569519074
1.30930930930931e-08	12.066423420515695	11.97242181454679
1.31981981981982e-08	12.088012027629356	11.993895978578644
1.3303303303303305e-08	12.109290890465942	12.01503033171602
1.3408408408408411e-08	12.130260937821664	12.035826192542661
1.3513513513513517e-08	12.150923139009345	12.056284927213753
1.3618618618618623e-08	12.171278503209644	12.0764079485376
1.3723723723723729e-08	12.191328078815895	12.096196715050338
1.3828828828828835e-08	12.211072952772865	12.115652730084289
1.3933933933933935e-08	12.230514249909866	12.134777540830381
1.403903903903904e-08	12.249653132268444	12.153572737395223
1.4144144144144146e-08	12.26849079842504	12.172039951853247
1.4249249249249252e-08	12.28702848280894	12.190180857294523
1.4354354354354358e-08	12.305267455015859	12.207997166868656
1.4459459459459464e-08	12.323209019117455	12.225490632825322
1.456456456456457e-08	12.340854512967132	12.242663045551884
1.4669669669669676e-08	12.35820530750246	12.259516232608624
1.4774774774774776e-08	12.375262806044496	12.276052057762017
1.4879879879879882e-08	12.392028443594397	12.292272420016596
1.4984984984984988e-08	12.40850368612754	12.308179252645763
1.5090090090090094e-08	12.424690029885616	12.323774522222182
1.51951951951952e-08	12.44058900066684	12.339060227648027
1.5300300300300306e-08	12.45620215311475	12.354038399185686
1.5405405405405412e-08	12.471531070005778	12.368711097489292
1.551051051051051e-08	12.486577361535973	12.383080412637531
1.5615615615615617e-08	12.501342664607161	12.397148463168211
1.5720720720720723e-08	12.515828642112828	12.410917395114938
1.582582582582583e-08	12.530036982224027	12.42438938104641
1.5930930930930935e-08	12.543969397675633	12.437566619108665
1.603603603603604e-08	12.557627625053174	12.450451332070752
1.6141141141141147e-08	12.571013424080569	12.463045766374183
1.6246246246246253e-08	12.584128576909063	12.475352191186582
1.6351351351351352e-08	12.596974887407585	12.4873728974599
1.645645645645646e-08	12.60955418045485	12.499110196993586
1.6561561561561564e-08	12.621868301233448	12.510566421503075
1.666666666666667e-08	12.633919114526199	12.521743921693956
1.6771771771771776e-08	12.64570850401501	12.532645066342168
1.6876876876876882e-08	12.65723837158254	12.543272241380572
1.6981981981981988e-08	12.66851063661684	12.553627848992233
1.7087087087087088e-08	12.679527235319313	12.563714306710748
1.7192192192192194e-08	12.690290120016153	12.573534046527909
1.72972972972973e-08	12.700801258473534	12.583089514009036
1.7402402402402406e-08	12.711062633216795	12.592383167416296
1.750750750750751e-08	12.72107624085382	12.601417476840249
1.7612612612612618e-08	12.730844091402828	12.610194923339934
1.7717717717717724e-08	12.74036820762483	12.618717998091794
1.782282282282283e-08	12.749650624360921	12.626989201547643
1.792792792792793e-08	12.758693387874638	12.635011042601974
1.8033033033033035e-08	12.767498555199577	12.642786037768866
1.813813813813814e-08	12.776068193492447	12.650316710368664
1.8243243243243247e-08	12.784404379391786	12.657605589724728
1.8348348348348353e-08	12.79250919838249	12.66465521037045
1.845345345345346e-08	12.800384744166355	12.671468111266714
1.8558558558558565e-08	12.808033118038788	12.678046835030026
1.866366366366367e-08	12.815456428271869	12.68439392717155
1.876876876876877e-08	12.822656789503924	12.690511935347118
1.8873873873873876e-08	12.82963632213574	12.696403408618512
1.8978978978978982e-08	12.83639715173364	12.702070896726099
1.9084084084084088e-08	12.842941408439462	12.707516949373002
1.9189189189189194e-08	12.84927122638768	12.712744115520955
1.92942942942943e-08	12.855388743129748	12.717754942697976
1.9399399399399406e-08	12.861296099065799	12.722551976317984
1.9504504504504505e-08	12.86699543688384	12.72713775901247
1.960960960960961e-08	12.87248890100656	12.73151482997435
1.9714714714714717e-08	12.877778637045823	12.735685724314108
1.9819819819819823e-08	12.882866791265032	12.739652972428274
1.992492492492493e-08	12.887755510049374	12.743419099380391
2.0030030030030035e-08	12.892446939384117	12.746986624294484
2.013513513513514e-08	12.896943224341	12.750358059761147
2.0240240240240247e-08	12.901246508572836	12.753535911256275
2.0345345345345347e-08	12.905358933816368	12.756522676572509
2.0450450450450453e-08	12.90928263940352	12.759320845263426
2.055555555555556e-08	12.913019761780998	12.761932898100543
2.0660660660660665e-08	12.91657243403845	12.764361306543096
2.076576576576577e-08	12.919942785445137	12.766608532220685
2.0870870870870877e-08	12.92313294099517	12.768677026428762
2.0975975975975983e-08	12.926145020961457	12.770569229636964
2.1081081081081082e-08	12.92898114045828	12.772287571010304
2.1186186186186188e-08	12.931643409012649	12.773834467943207
2.1291291291291294e-08	12.934133930144354	12.775212325606358
2.13963963963964e-08	12.936454800954891	12.776423536506373
2.1501501501501506e-08	12.938608111725127	12.777470480058232
2.1606606606606612e-08	12.94059594552184	12.778355522170443
2.1711711711711718e-08	12.942420377813091	12.779081014842903
2.1816816816816824e-08	12.94408347609246	12.779649295777423
2.1921921921921923e-08	12.945587299512148	12.780062688000799
2.202702702702703e-08	12.946933898524934	12.780323499500456
2.2132132132132135e-08	12.94812531453501	12.780434022872527
2.223723723723724e-08	12.949163579557654	12.780396534982307
2.2342342342342347e-08	12.950050715887743	12.780213296637058
2.2447447447447453e-08	12.950788735777117	12.779886552270995
2.255255255255256e-08	12.951379641120726	12.77941852964243
2.265765765765766e-08	12.951825423151565	12.778811439542954
2.2762762762762765e-08	12.95212806214436	12.77806747551856
2.286786786786787e-08	12.952289527127997	12.777188813602596
2.2972972972972977e-08	12.95231177560661	12.776177612060474
2.3078078078078083e-08	12.952196753289337	12.775036011145959
2.318318318318319e-08	12.951946393828667	12.773766132868992
2.3288288288288295e-08	12.951562618567367	12.772370080774868
2.33933933933934e-08	12.951047336293904	12.770849939734685
2.34984984984985e-08	12.95040244300633	12.769207775746905
2.3603603603603606e-08	12.949629821684548	12.767445635749917
2.3708708708708712e-08	12.948731342070976	12.765565547445453
2.3813813813813818e-08	12.947708860459427	12.763569519132718
2.3918918918918924e-08	12.946564219492231	12.761459539553092
2.402402402402403e-08	12.945299247965533	12.759237577745287
2.4129129129129136e-08	12.943915760642614	12.756905582910735
2.4234234234234235e-08	12.942415558075258	12.754465484289165
2.433933933933934e-08	12.940800426433036	12.75191919104411
2.4444444444444447e-08	12.939072137340418	12.749268592158263
2.4549549549549553e-08	12.937232447721696	12.746515556338485
2.465465465465466e-08	12.93528309965356	12.74366193193031
2.4759759759759765e-08	12.933225820225283	12.740709546841813
2.486486486486487e-08	12.931062321406426	12.73766020847663
2.4969969969969977e-08	12.92879429992196	12.734515703676006
2.5075075075075076e-08	12.926423437134735	12.731277798669682
2.5180180180180182e-08	12.92395139893517	12.727948239035472
2.528528528528529e-08	12.921379835638103	12.72452874966731
2.5390390390390394e-08	12.918710381886672	12.721021034751697
2.54954954954955e-08	12.915944656563196	12.717426777752252
2.5600600600600606e-08	12.91308426270682	12.713747641402287
2.5705705705705712e-08	12.910130787438007	12.70998526770521
2.5810810810810812e-08	12.907085801889608	12.706141277942558
2.5915915915915918e-08	12.903950861144514	12.702217272689497
2.6021021021021024e-08	12.900727504179725	12.69821483183766
2.612612612612613e-08	12.897417253816778	12.69413551462507
2.6231231231231236e-08	12.894021616678378	12.689980859673039
2.6336336336336342e-08	12.89054208315116	12.685752385029815
2.6441441441441448e-08	12.886980127354478	12.681451588220874
2.6546546546546554e-08	12.883337207115062	12.67707994630561
2.6651651651651653e-08	12.87961476394749	12.67263891594029
2.675675675675676e-08	12.875814223040353	12.668129933447084
2.6861861861861865e-08	12.871936993247958	12.663554414889022
2.696696696696697e-08	12.867984467087524	12.658913756150683
2.7072072072072077e-08	12.863958020741702	12.654209333024433
2.7177177177177183e-08	12.859859014066354	12.649442501302095
2.728228228228229e-08	12.855688790603418	12.644614596871813
2.7387387387387388e-08	12.851448677598835	12.639726935820013
2.7492492492492494e-08	12.847139986025335	12.634780814538225
2.75975975975976e-08	12.842764010610013	12.629777509834655
2.7702702702702706e-08	12.838322029866614	12.624718279050306
2.7807807807807812e-08	12.833815306132319	12.619604360179528
2.7912912912912918e-08	12.829245085609044	12.614436971994762
2.8018018018018024e-08	12.824612598409024	12.609217314175416
2.812312312312313e-08	12.81991905860465	12.603946567440621
2.822822822822823e-08	12.815165664282423	12.598625893685792
2.8333333333333336e-08	12.810353597600878	12.593256436122749
2.843843843843844e-08	12.805484024852444	12.587839319423331
2.8543543543543548e-08	12.800558096529045	12.582375649866325
2.8648648648648654e-08	12.795576947391417	12.576866515487517
2.875375375375376e-08	12.790541696541942	12.571312986232769
2.8858858858858866e-08	12.785453447500966	12.565716114113966
2.8963963963963965e-08	12.780313288286472	12.560076933367679
2.906906906906907e-08	12.775122291496954	12.554396460616381
2.9174174174174177e-08	12.769881514397477	12.548675695032152
2.9279279279279283e-08	12.764591999008738	12.54291561850264
2.938438438438439e-08	12.759254772199043	12.53711719579921
2.9489489489489495e-08	12.75387084577914	12.531281374747127
2.95945945945946e-08	12.748441216599744	12.525409086397636
2.96996996996997e-08	12.742966866651686	12.519501245201818
2.980480480480481e-08	12.737448763168596	12.513558749186098
2.990990990990991e-08	12.731887858731973	12.507582480129285
3.0015015015015025e-08	12.726285091378617	12.501573303740996
3.0120120120120124e-08	12.720641384710254	12.495532069841389
3.0225225225225223e-08	12.714957648005292	12.489459612542055
3.0330330330330336e-08	12.709234776332632	12.483356750427946
3.0435435435435435e-08	12.703473650667389	12.477224286740293
3.054054054054055e-08	12.697675138008478	12.471063009560305
3.064564564564565e-08	12.691840091497957	12.464873691993628
3.075075075075076e-08	12.685969350542022	12.45865709235541
3.085585585585586e-08	12.680063740933612	12.452413954355901
3.096096096096096e-08	12.674124074976453	12.44614500728646
3.106606606606607e-08	12.668151151610557	12.439850966205883
3.117117117117117e-08	12.662145756539022	12.433532532126982
3.1276276276276283e-08	12.656108662356067	12.427190392203267
3.138138138138138e-08	12.650040628676217	12.4208252199157
3.1486486486486495e-08	12.64394240226459	12.414437675259405
3.1591591591591595e-08	12.637814717168153	12.408028404930226
3.169669669669671e-08	12.63165829484791	12.40159804251112
3.1801801801801807e-08	12.625473844311932	12.395147208658216
3.1906906906906906e-08	12.619262062249154	12.388676511286533
3.201201201201202e-08	12.613023633163891	12.38218654575525
3.211711711711712e-08	12.60675922951092	12.375677895052453
3.222222222222223e-08	12.600469511831186	12.369151129979295
3.232732732732733e-08	12.594155128887953	12.362606809333524
3.243243243243244e-08	12.58781671780337	12.356045480092234
3.253753753753754e-08	12.58145490419542	12.349467677593893
3.264264264264264e-08	12.57507030231512	12.342873925719482
3.2747747747747754e-08	12.568663515183978	12.33626473707273
3.285285285285285e-08	12.5622351347316	12.329640613159405
3.2957957957957966e-08	12.555785741933388	12.323002044565552
3.3063063063063065e-08	12.549315906948317	12.316349511134689
3.316816816816818e-08	12.542826189256665	12.309683482143857
3.327327327327328e-08	12.536317137797704	12.303004416478494
3.3378378378378377e-08	12.52978929110725	12.296312762806108
3.348348348348349e-08	12.523243177455054	12.289608959748666
3.358858858858859e-08	12.516679314981955	12.282893436053683
3.36936936936937e-08	12.510098211836771	12.276166610763951
3.37987987987988e-08	12.503500366312865	12.269428893385902
3.390390390390391e-08	12.496886266984331	12.262680684056503
3.400900900900901e-08	12.49025639284177	12.255922373708758
3.411411411411411e-08	12.483611213427624	12.249154344235635
3.4219219219219225e-08	12.47695118897097	12.242376968652529
3.4324324324324324e-08	12.470276770521815	12.235590611258155
3.4429429429429436e-08	12.463588400084765	12.228795627793835
3.4534534534534536e-08	12.456886510752106	12.221992365601196
3.463963963963965e-08	12.450171526836202	12.215181163778235
3.474474474474475e-08	12.443443864001223	12.208362353333722
3.484984984984986e-08	12.436703929394099	12.201536257339914
3.495495495495496e-08	12.429952121774766	12.194703191083594
3.506006006006006e-08	12.423188831645565	12.18786346221537
3.516516516516517e-08	12.416414441379843	12.181017370897257
3.527027027027027e-08	12.409629325349703	12.174165209948503
3.5375375375375384e-08	12.402833850052838	12.167307264989656
3.548048048048048e-08	12.39602837423848	12.160443814584854
3.5585585585585596e-08	12.389213249032398	12.153575130382325
3.5690690690690695e-08	12.382388818060939	12.146701477253114
3.5795795795795794e-08	12.375555417574077	12.139823113427962
3.590090090090091e-08	12.368713376567447	12.13294029063243
3.6006006006006006e-08	12.361863016903374	12.12605325422016
3.611111111111112e-08	12.3550046534308	12.119162243304329
3.621621621621622e-08	12.348138594104197	12.112267490887296
3.632132132132133e-08	12.341265140101351	12.105369223988385
3.642642642642643e-08	12.334384585940052	12.098467663769883
3.653153153153153e-08	12.327497219593663	12.091563025661163
3.663663663663664e-08	12.32060332260555	12.084655519481014
3.674174174174174e-08	12.313703170202354	12.077745349558128
3.6846846846846854e-08	12.306797031406115	12.07083271484976
3.6951951951951954e-08	12.299885169145186	12.063917809058575
3.7057057057057066e-08	12.292967840363978	12.057000820747676
3.7162162162162166e-08	12.286045296131528	12.050081933453832
3.726726726726728e-08	12.279117781748798	12.043161325798868
3.737237237237238e-08	12.272185536854822	12.036239171599293
3.747747747747748e-08	12.265248795531567	12.029315639974127
3.758258258258259e-08	12.258307786407611	12.022390895450938
3.768768768768769e-08	12.25136273276055	12.01546509807012
3.77927927927928e-08	12.244413852618168	12.008538403487387
3.78978978978979e-08	12.237461358858361	12.00161096307454
3.8003003003003014e-08	12.230505459307802	11.994682924018484
3.810810810810811e-08	12.223546356839353	11.987754429418507
3.821321321321321e-08	12.216584249468216	11.980825618381857
3.8318318318318325e-08	12.209619330446824	11.973896626117599
3.8423423423423424e-08	12.202651788358457	11.966967584028803
3.852852852852854e-08	12.195681807209622	11.960038619803024
3.8633633633633636e-08	12.188709566521137	11.953109857501156
3.873873873873875e-08	12.181735241417972	11.946181417644615
3.884384384384385e-08	12.174759002717831	11.939253417300895
3.894894894894895e-08	12.167781017018466	11.932325970167504
3.905405405405406e-08	12.160801446783731	11.925399186654307
3.915915915915916e-08	12.153820450428393	11.918473173964287
3.926426426426427e-08	12.146838182401677	11.911548036172723
3.936936936936937e-08	12.139854793269597	11.90462387430483
3.9474474474474484e-08	12.132870429795991	11.897700786411853
3.9579579579579584e-08	12.125885235022382	11.890778867645672
3.968468468468468e-08	12.11889934834654	11.883858210331866
3.9789789789789795e-08	12.111912905599885	11.876938904041351
3.9894894894894895e-08	12.10492603912362	11.870021035660487
4.000000000000001e-08	12.097938877843674	11.86310468945981
4.010510510510511e-08	12.090951547344432	11.85618994716129
4.021021021021022e-08	12.08396416994127	11.849276888004203
4.031531531531532e-08	12.076976864751899	11.842365588809626
4.042042042042043e-08	12.069989747766513	11.835456124043509
4.052552552552553e-08	12.063002931916797	11.828548565878485
4.063063063063063e-08	12.05601652714372	11.821642984254252
4.073573573573574e-08	12.049030640464206	11.814739446936725
4.084084084084084e-08	12.042045376036667	11.807838019575843
4.0945945945945955e-08	12.035060835225343	11.80093876576211
4.1051051051051054e-08	12.028077116663589	11.794041747081918
4.1156156156156167e-08	12.021094316315972	11.787147023171574
4.1261261261261266e-08	12.014112527539329	11.780254651770166
4.1366366366366365e-08	12.007131841142657	11.773364688771203
4.147147147147148e-08	12.000152345445974	11.766477188273074
4.157657657657658e-08	11.993174126338074	11.759592202628378
4.168168168168169e-08	11.986197267333235	11.752709782492069
4.178678678678679e-08	11.979221849626848	11.745829976868533
4.18918918918919e-08	11.972247952150031	11.738952833157517
4.1996996996997e-08	11.9652756516232	11.732078397199006
4.21021021021021e-08	11.958305022608624	11.725206713317009
4.2207207207207213e-08	11.951336137561958	11.718337824362342
4.231231231231231e-08	11.944369066882818	11.71147177175434
4.2417417417417425e-08	11.937403878964323	11.704608595521576
4.2522522522522525e-08	11.930440640241706	11.697748334341615
4.262762762762764e-08	11.923479415239948	11.690891025579752
4.2732732732732737e-08	11.916520266620463	11.684036705326841
4.2837837837837836e-08	11.909563255226859	11.677185408436147
4.294294294294295e-08	11.902608440129768	11.670337168559321
4.304804804804805e-08	11.89565587867077	11.663492018181449
4.315315315315316e-08	11.888705626505415	11.656649988655218
4.325825825825826e-08	11.881757737645357	11.649811110234232
4.336336336336337e-08	11.874812264499635	11.642975412105471
4.346846846846847e-08	11.867869257915071	11.636142922420927
4.3573573573573585e-08	11.860928767215817	11.629313668328393
4.3678678678678684e-08	11.853990840242103	11.622487676001525
4.378378378378378e-08	11.847055523388109	11.615664970669037
4.3888888888888896e-08	11.840122861639063	11.60884557664319
4.3993993993993995e-08	11.833192898607546	11.602029517347523
4.409909909909911e-08	11.826265676568976	11.595216815343829
4.420420420420421e-08	11.819341236496339	11.588407492358433
4.430930930930932e-08	11.812419618094175	11.581601569307768
4.441441441441442e-08	11.805500859831776	11.57479906632325
4.451951951951952e-08	11.798584998975686	11.568000002775493
4.462462462462463e-08	11.791672071621445	11.56120439729787
4.472972972972973e-08	11.784762112724643	11.55441226780942
4.483483483483484e-08	11.777855156131254	11.547623631537137
4.493993993993994e-08	11.770951234607308	11.540838505037643
4.5045045045045055e-08	11.764050379867841	11.534056904218254
4.5150150150150154e-08	11.757152622605233	11.527278844357472
4.5255255255255254e-08	11.75025799251685	11.520504340124898
4.5360360360360366e-08	11.743366518332065	11.513733405600586
4.5465465465465466e-08	11.736478227838644	11.506966054293853
4.557057057057058e-08	11.729593147908508	11.500202299161547
4.567567567567568e-08	11.722711304522896	11.493442152625818
4.578078078078079e-08	11.715832722796923	11.486685626591349
4.588588588588589e-08	11.70895742700355	11.479932732462121
4.599099099099099e-08	11.702085440596994	11.473183481157669
4.60960960960961e-08	11.695216786235553	11.466437883128892
4.62012012012012e-08	11.688351485803903	11.459695948373374
4.6306306306306314e-08	11.681489560434827	11.452957686450288
4.641141141141141e-08	11.674631030530424	11.446223106494827
4.6516516516516526e-08	11.667775915782808	11.439492217232246
4.6621621621621625e-08	11.66092423519427	11.432765026991456
4.672672672672674e-08	11.654076007096956	11.426041543718227
4.683183183183184e-08	11.647231249172062	11.41932177498801
4.6936936936936936e-08	11.640389978468512	11.412605728018333
4.704204204204205e-08	11.633552211421224	11.405893409680878
4.714714714714715e-08	11.62671796386884	11.399184826513137
4.725225225225226e-08	11.619887251071086	11.392479984729759
4.735735735735736e-08	11.613060087725609	11.385778890233524
4.746246246246247e-08	11.606236487984441	11.379081548625981
4.756756756756757e-08	11.599416465470007	11.372387965217774
4.767267267267267e-08	11.592600033290736	11.365698145038637
4.7777777777777784e-08	11.585787204056249	11.35901209284707
4.7882882882882884e-08	11.578977989892158	11.352329813139745
4.7987987987987996e-08	11.572172402454482	11.345651310160573
4.8093093093093096e-08	11.565370452943673	11.33897658790953
4.819819819819821e-08	11.558572152118272	11.332305650151161
4.830330330330331e-08	11.551777510308211	11.325638500422864
4.840840840840841e-08	11.544986537427736	11.318975142042856
4.851351351351352e-08	11.538199242988016	11.312315578117937
4.861861861861862e-08	11.531415636109381	11.305659811550969
4.872372372372373e-08	11.524635725533257	11.299007845048115
4.882882882882883e-08	11.517859519633744	11.292359681125875
4.8933933933933944e-08	11.511087026428905	11.285715322117865
4.903903903903904e-08	11.504318253591737	11.279074770181374
4.914414414414414e-08	11.497553208460827	11.272438027303737
4.9249249249249255e-08	11.490791898050743	11.26580509530846
4.9354354354354354e-08	11.484034329062093	11.25917597586117
4.945945945945947e-08	11.477280507891354	11.252550670475362
4.9564564564564566e-08	11.470530440640383	11.245929180517948
4.966966966966968e-08	11.463784133125676	11.23931150721463
4.977477477477478e-08	11.457041590887393	11.232697651655092
4.987987987987989e-08	11.450302819198058	11.226087614798013
4.998498498498499e-08	11.443567823071096	11.219481397475919
5.009009009009009e-08	11.43683660726906	11.21287900039986
5.01951951951952e-08	11.430109176311658	11.20628042416394
5.03003003003003e-08	11.423385534483542	11.199685669249686
5.0405405405405414e-08	11.416665685841844	11.193094736030275
5.0510510510510513e-08	11.409949634223553	11.186507624774602
5.0615615615615626e-08	11.403237383252607	11.179924335651226
5.0720720720720725e-08	11.396528936346845	11.173344868732162
5.0825825825825825e-08	11.38982429672469	11.166769223996567
5.093093093093094e-08	11.383123467411686	11.160197401334257
5.103603603603604e-08	11.376426451246829	11.153629400549153
5.114114114114115e-08	11.369733250888677	11.147065221362558
5.124624624624625e-08	11.363043868821343	11.140504863416357
5.135135135135136e-08	11.356358307360237	11.13394832627607
5.145645645645646e-08	11.349676568657685	11.127395609433842
5.156156156156156e-08	11.342998654708365	11.120846712311272
5.166666666666667e-08	11.336324567354575	11.114301634262182
5.177177177177177e-08	11.32965430829134	11.107760374575285
5.1876876876876885e-08	11.322987879071368	11.101222932476723
5.1981981981981984e-08	11.316325281109863	11.094689307132565
5.2087087087087097e-08	11.309666515689168	11.088159497651162
5.2192192192192196e-08	11.303011583963283	11.08163350308547
5.229729729729731e-08	11.29636048696224	11.075111322435237
5.240240240240241e-08	11.28971322559634	11.068592954649148
5.250750750750751e-08	11.283069800660273	11.06207839862688
5.261261261261262e-08	11.27643021283706	11.055567653221074
5.271771771771772e-08	11.269794462701952	11.049060717239243
5.282282282282283e-08	11.263162550726133	11.042557589445614
5.292792792792793e-08	11.256534477280342	11.036058268562888
5.3033033033033044e-08	11.24991024263838	11.029562753273941
5.313813813813814e-08	11.243289846980497	11.02307104222347
5.324324324324324e-08	11.23667329039667	11.016583134019571
5.3348348348348355e-08	11.230060572889782	11.01009902723525
5.3453453453453455e-08	11.2234516943787	11.003618720409893
5.355855855855857e-08	11.21684665470125	10.997142212050658
5.3663663663663667e-08	11.210245453617102	10.990669500633858
5.376876876876878e-08	11.203648090810546	10.984200584606228
5.387387387387388e-08	11.197054565893197	10.977735462386205
5.397897897897898e-08	11.190464878406607	10.971274132365116
5.408408408408409e-08	11.18387902782478	10.964816592908342
5.418918918918919e-08	11.177297013556615	10.958362842356438
5.42942942942943e-08	11.170718834948278	10.951912879026198
5.43993993993994e-08	11.164144491285473	10.94546670121169
5.4504504504504514e-08	11.157573981795641	10.939024307185239
5.4609609609609614e-08	11.151007305650126	10.932585695198386
5.471471471471471e-08	11.1444444619662	10.926150863482802
5.4819819819819826e-08	11.137885449809083	10.91971981025116
5.4924924924924925e-08	11.131330268193858	10.913292533697987
5.503003003003004e-08	11.124778916087344	10.906869032000483
5.513513513513514e-08	11.118231392409879	10.900449303319279
5.524024024024025e-08	11.111687696037073	10.894033345799205
5.534534534534535e-08	11.105147825801495	10.88762115757
5.545045045045046e-08	11.098611780494263	10.881212736746999
5.555555555555556e-08	11.092079558866654	10.874808081431818
5.566066066066066e-08	11.085551159631585	10.86840718971296
5.576576576576577e-08	11.079026581465083	10.86201005966644
5.587087087087087e-08	11.07250582300771	10.855616689356383
5.5975975975975985e-08	11.065988882865907	10.849227076835566
5.6081081081081084e-08	11.059475759613331	10.842841220145969
5.61861861861862e-08	11.052966451792091	10.836459117319299
5.6291291291291296e-08	11.046460957914011	10.830080766377478
5.6396396396396396e-08	11.039959276461786	10.823706165333112
5.650150150150151e-08	11.033461405890138	10.817335312189973
5.660660660660661e-08	11.026967344626916	10.810968204943414
5.671171171171172e-08	11.020477091074142	10.804604841580803
5.681681681681682e-08	11.01399064360906	10.798245220081924
5.692192192192193e-08	11.007508000585108	10.791889338419354
5.702702702702703e-08	11.001029160332877	10.785537194558852
5.713213213213213e-08	10.994554121161027	10.7791887864597
5.7237237237237244e-08	10.988082881357174	10.772844112075042
5.734234234234234e-08	10.981615439188756	10.766503169352223
5.7447447447447456e-08	10.975151792903834	10.760165956233092
5.7552552552552555e-08	10.968691940731912	10.7538324706543
5.765765765765767e-08	10.962235880884675	10.7475027105476
5.776276276276277e-08	10.95578361155676	10.741176673840101
5.7867867867867866e-08	10.94933513092643	10.734854358454546
5.797297297297298e-08	10.94289043715629	10.728535762309566
5.807807807807808e-08	10.93644952839393	10.722220883319903
5.818318318318319e-08	10.930012402772563	10.71590971939667
5.828828828828829e-08	10.923579058411645	10.70960226844754
5.83933933933934e-08	10.917149493417455	10.70329852837698
5.84984984984985e-08	10.910723705883663	10.696998497086447
5.8603603603603615e-08	10.904301693891892	10.69070217247458
5.8708708708708714e-08	10.897883455512224	10.684409552437385
5.8813813813813814e-08	10.891468988803718	10.678120634868414
5.8918918918918926e-08	10.885058291814902	10.67183541765893
5.9024024024024026e-08	10.878651362584232	10.665553898698084
5.912912912912914e-08	10.87224819914055	10.659276075873052
5.923423423423424e-08	10.865848799503523	10.653001947069189
5.933933933933935e-08	10.85945316168405	10.646731510170177
5.944444444444445e-08	10.853061283684674	10.640464763058151
5.954954954954955e-08	10.846673163499975	10.63420170361384
5.965465465465467e-08	10.840288799116923	10.627942329716678
5.975975975975975e-08	10.833908188515256	10.621686639244937
5.986486486486487e-08	10.827531329667815	10.615434630075818
5.996996996996998e-08	10.821158220540877	10.609186300085584
6.007507507507509e-08	10.814788859094476	10.602941647149649
6.018018018018018e-08	10.808423243282709	10.596700669142676
6.028528528528529e-08	10.802061371054025	10.590463363938674
6.03903903903904e-08	10.79570324035152	10.584229729411096
6.049549549549549e-08	10.789348849113198	10.577999763432912
6.06006006006006e-08	10.782998195272231	10.571773463876685
6.070570570570571e-08	10.77665127675723	10.565550828614677
6.081081081081083e-08	10.770308091492456	10.559331855518893
6.091591591591591e-08	10.763968637398081	10.55311654246118
6.102102102102103e-08	10.757632912390397	10.54690488731326
6.112612612612614e-08	10.751300914382021	10.540696887946835
6.123123123123122e-08	10.744972641282127	10.534492542233613
6.133633633633634e-08	10.738648090996614	10.528291848045392
6.144144144144145e-08	10.732327261428312	10.522094803254106
6.154654654654656e-08	10.726010150477169	10.515901405731874
6.165165165165165e-08	10.71969675604041	10.509711653351065
6.175675675675676e-08	10.713387076012713	10.503525543984331
6.186186186186187e-08	10.707081108286374	10.49734307550466
6.196696696696696e-08	10.700778850751453	10.491164245785424
6.207207207207207e-08	10.694480301295927	10.484989052700415
6.217717717717719e-08	10.688185457805833	10.478817494123897
6.22822822822823e-08	10.681894318165405	10.472649567930617
6.238738738738738e-08	10.675606880257199	10.466485271995877
6.24924924924925e-08	10.66932314196222	10.46032460419554
6.259759759759761e-08	10.663043101160053	10.454167562406077
6.27027027027027e-08	10.656766755728967	10.448014144504599
6.280780780780781e-08	10.650494103546025	10.441864348368876
6.291291291291292e-08	10.644225142487203	10.435718171877381
6.301801801801803e-08	10.637959870427473	10.429575612909296
6.312312312312312e-08	10.63169828524092	10.423436669344566
6.322822822822823e-08	10.62544038480082	10.417301339063894
6.333333333333334e-08	10.619186166979734	10.411169619948785
6.343843843843843e-08	10.61293562964961	10.40504150988156
6.354354354354354e-08	10.60668877068183	10.398917006745378
6.364864864864866e-08	10.600445587947322	10.392796108424253
6.375375375375377e-08	10.594206079316624	10.38667881280308
6.385885885885885e-08	10.587970242659951	10.38056511776765
6.396396396396397e-08	10.581738075847271	10.374455021204659
6.406906906906908e-08	10.57550957674837	10.368348521001735
6.417417417417417e-08	10.56928474323291	10.362245615047454
6.427927927927928e-08	10.563063573170497	10.356146301231345
6.438438438438439e-08	10.55684606443074	10.350050577443907
6.44894894894895e-08	10.550632214883295	10.34395844157663
6.459459459459459e-08	10.544422022397935	10.337869891522002
6.46996996996997e-08	10.538215484844589	10.331784925173515
6.480480480480482e-08	10.532012600093386	10.325703540425687
6.490990990990993e-08	10.525813366014726	10.319625735174062
6.501501501501501e-08	10.519617780479294	10.313551507315236
6.512012012012013e-08	10.51342584135812	10.30748085474684
6.522522522522524e-08	10.507237546522624	10.301413775367582
6.533033033033033e-08	10.501052893844644	10.295350267077229
6.543543543543544e-08	10.494871881196469	10.289290327776623
6.554054054054055e-08	10.488694506450898	10.283233955367692
6.564564564564566e-08	10.482520767481242	10.277181147753465
6.575075075075075e-08	10.476350662161387	10.271131902838057
6.585585585585586e-08	10.470184188365804	10.26508621852669
6.596096096096097e-08	10.46402134396959	10.259044092725704
6.606606606606606e-08	10.457862126848491	10.25300552334255
6.617117117117117e-08	10.451706534878927	10.246970508285798
6.627627627627629e-08	10.445554565938025	10.240939045465153
6.63813813813814e-08	10.439406217903642	10.234911132791446
6.648648648648648e-08	10.433261488654388	10.228886768176649
6.65915915915916e-08	10.427120376069638	10.222865949533865
6.669669669669671e-08	10.42098287802957	10.216848674777358
6.68018018018018e-08	10.414848992415177	10.210834941822528
6.690690690690691e-08	10.408718717108286	10.204824748585926
6.701201201201202e-08	10.402592049991588	10.198818092985265
6.711711711711713e-08	10.396468988948628	10.192814972939416
6.722222222222222e-08	10.390349531863855	10.186815386368409
6.732732732732733e-08	10.384233676622618	10.180819331193435
6.743243243243244e-08	10.378121421111185	10.174826805336856
6.753753753753753e-08	10.372012763216768	10.168837806722207
6.764264264264264e-08	10.365907700827513	10.162852333274182
6.774774774774776e-08	10.359806231832541	10.15687038291866
6.785285285285287e-08	10.353708354121945	10.150891953582686
6.795795795795796e-08	10.347614065586805	10.144917043194493
6.806306306306307e-08	10.341523364119197	10.138945649683478
6.816816816816818e-08	10.335436247612211	10.132977770980231
6.827327327327327e-08	10.329352713959956	10.127013405016521
6.837837837837838e-08	10.323272761057568	10.12105254972529
6.848348348348349e-08	10.317196386801225	10.115095203040678
6.85885885885886e-08	10.311123589088153	10.109141362897999
6.869369369369369e-08	10.305054365816636	10.103191027233763
6.87987987987988e-08	10.29898871488602	10.097244193985656
6.890390390390392e-08	10.292926634196727	10.091300861092558
6.9009009009009e-08	10.286868121650254	10.085361026494542
6.911411411411411e-08	10.280813175149188	10.079424688132859
6.921921921921923e-08	10.274761792597205	10.07349184394996
6.932432432432434e-08	10.26871397189909	10.067562491889479
6.942942942942943e-08	10.262669710960726	10.06163662989625
6.953453453453454e-08	10.256629007689103	10.055714255916287
6.963963963963965e-08	10.250591859992335	10.0497953678968
6.974474474474474e-08	10.244558265779654	10.043879963786196
6.984984984984985e-08	10.238528222961415	10.037968041534064
6.995495495495496e-08	10.232501729449112	10.032059599091195
7.006006006006007e-08	10.22647878315536	10.026154634409565
7.016516516516516e-08	10.220459381993926	10.02025314544235
7.027027027027027e-08	10.21444352387971	10.014355130143905
7.037537537537539e-08	10.208431206728761	10.008460586469795
7.04804804804805e-08	10.20242242845828	10.00256951237676
7.058558558558558e-08	10.196417186986613	9.99668190582275
7.06906906906907e-08	10.19041548023327	9.99079776476689
7.079579579579581e-08	10.184417306118911	9.984917087169507
7.09009009009009e-08	10.178422662565364	9.97903987099212
7.100600600600601e-08	10.172431547495613	9.973166114197433
7.111111111111112e-08	10.16644395883381	9.967295814749347
7.121621621621623e-08	10.16045989450528	9.961428970612955
7.132132132132132e-08	10.15447935243651	9.955565579754541
7.142642642642643e-08	10.148502330555164	9.94970564014157
7.153153153153155e-08	10.142528826790077	9.943849149742707
7.163663663663663e-08	10.13655883907126	9.937996106527809
7.174174174174174e-08	10.130592365329893	9.932146508467909
7.184684684684686e-08	10.124629403498346	9.926300353535245
7.195195195195197e-08	10.118669951510165	9.920457639703233
7.205705705705706e-08	10.11271400730007	9.914618364946485
7.216216216216217e-08	10.106761568803966	9.908782527240792
7.226726726726728e-08	10.100812633958943	9.90295012456314
7.237237237237237e-08	10.094867200703279	9.897121154891702
7.247747747747748e-08	10.08892526697642	9.891295616205825
7.258258258258259e-08	10.082986830719014	9.885473506486061
7.26876876876877e-08	10.077051889872884	9.879654823714136
7.279279279279279e-08	10.07112044238105	9.873839565872963
7.28978978978979e-08	10.065192486187708	9.868027730946636
7.300300300300302e-08	10.05926801923825	9.862219316920438
7.31081081081081e-08	10.053347039479252	9.85641432178084
7.321321321321321e-08	10.047429544858478	9.850612743515482
7.331831831831833e-08	10.041515533324887	9.844814580113196
7.342342342342344e-08	10.035605002828618	9.839019829563995
7.352852852852853e-08	10.029697951321008	9.833228489859072
7.363363363363364e-08	10.023794376754577	9.8274405589908
7.373873873873875e-08	10.017894277083036	9.821656034952731
7.384384384384384e-08	10.011997650261293	9.815874915739602
7.394894894894895e-08	10.006104494245431	9.810097199347318
7.405405405405406e-08	10.000214806992739	9.804322883772972
7.415915915915918e-08	9.99432858646169	9.798551967014832
7.426426426426426e-08	9.98844583061194	9.792784447072345
7.436936936936937e-08	9.982566537404345	9.787020321946123
7.447447447447449e-08	9.976690704800944	9.78125958963797
7.457957957957957e-08	9.970818330764972	9.775502248150858
7.468468468468469e-08	9.964949413260841	9.769748295488926
7.47897897897898e-08	9.959083950254167	9.763997729657499
7.489489489489491e-08	9.953221939711746	9.758250548663067
7.5e-08	9.947363379601567	9.7525067505133
